,p_resolution,p_experiment,p_doi,p_chemicals,p_chain_uniprot_map,p_chains,p_pmid,p_ec_numbers,p_space_group,p_deposition_date
1A50,2.3,X-RAY DIFFRACTION,10.1021/BI9728957,"['FIP', 'PLP', 'NA']","{'A': ['P00929'], 'B': ['P0A2K1']}","['A', 'B']",9548921,"[('A', ['4.2.1.20']), ('B', ['4.2.1.20'])]",C 1 2 1,18-FEB-98
1A5A,1.9,X-RAY DIFFRACTION,10.1074/JBC.273.15.8553,"['PLP', 'K']","{'A': ['P00929'], 'B': ['P0A2K1']}","['A', 'B']",9535826,"[('A', ['4.2.1.20']), ('B', ['4.2.1.20'])]",C 1 2 1,12-FEB-98
1A5B,2.0,X-RAY DIFFRACTION,10.1074/JBC.273.15.8553,"['PLP', 'K', 'IGP']","{'A': ['P00929'], 'B': ['P0A2K1']}","['A', 'B']",9535826,"[('A', ['4.2.1.20']), ('B', ['4.2.1.20'])]",C 1 2 1,12-FEB-98
1A5S,2.3,X-RAY DIFFRACTION,10.1021/BI9728957,"['FIP', 'SER', 'PLP', 'NA']","{'A': ['P00929'], 'B': ['P0A2K1']}","['A', 'B']",9548921,"[('A', ['4.2.1.20']), ('B', ['4.2.1.20'])]",C 1 2 1,17-FEB-98
1B0U,1.5,X-RAY DIFFRACTION,10.1038/25393,"['CL', 'ATP']",{'A': ['P02915']},['A'],9872322,,P 43 21 2,12-NOV-98
1BEU,1.9,X-RAY DIFFRACTION,10.1021/BI980779D,"['IPL', 'PLS', 'K']","{'A': ['P00929'], 'B': ['P0A2K1']}","['A', 'B']",9692955,"[('A', ['4.2.1.20']), ('B', ['4.2.1.20'])]",C 1 2 1,18-MAY-98
1BKS,2.2,X-RAY DIFFRACTION,10.1021/BI952506D,"['PLP', 'NA']","{'A': ['P00929'], 'B': ['P0A2K1']}","['A', 'B']",8672457,"[('A', ['4.2.1.20']), ('B', ['4.2.1.20'])]",C 1 2 1,10-JUL-98
1C29,2.3,X-RAY DIFFRACTION,10.1021/BI9907734,"['PLP', 'HE1', 'NA']","{'A': ['P00929'], 'B': ['P0A2K1']}","['A', 'B']",10504236,"[('A', ['4.2.1.20']), ('B', ['4.2.1.20'])]",C 1 2 1,23-JUL-99
1C8V,2.2,X-RAY DIFFRACTION,10.1021/BI9907734,"['PLP', 'HE1', 'NA']","{'A': ['P00929'], 'B': ['P0A2K1']}","['A', 'B']",10504236,"[('A', ['4.2.1.20']), ('B', ['4.2.1.20'])]",C 1 2 1,30-JUL-99
1C9D,2.3,X-RAY DIFFRACTION,10.1021/BI9907734,"['HF1', 'PLP', 'NA']","{'A': ['P00929'], 'B': ['P0A2K1']}","['A', 'B']",10504236,"[('A', ['4.2.1.20']), ('B', ['4.2.1.20'])]",C 1 2 1,02-AUG-99
1C9K,2.2,X-RAY DIFFRACTION,10.1021/BI990910X,"['5GP', 'POP', 'PO4', 'MG']","{'A': ['Q05599'], 'C': ['Q05599'], 'B': ['Q05599']}","['A', 'C', 'B']",10529169,,P 21 21 21,02-AUG-99
1CBU,2.3,X-RAY DIFFRACTION,10.1021/BI973178F,['SO4'],"{'A': ['Q05599'], 'C': ['Q05599'], 'B': ['Q05599']}","['A', 'C', 'B']",9601028,,C 2 2 21,12-MAR-98
1CNZ,1.76,X-RAY DIFFRACTION,10.1006/JMBI.1996.0797,"['SO4', 'MN']","{'A': ['P37412'], 'B': ['P37412']}","['A', 'B']",9086278,,P 21 21 21,24-MAY-99
1CW2,2.0,X-RAY DIFFRACTION,10.1021/BI9907734,"['HSP', 'PLP', 'NA']","{'A': ['P00929'], 'B': ['P0A2K1']}","['A', 'B']",10504236,"[('A', ['4.2.1.20']), ('B', ['4.2.1.20'])]",C 1 2 1,25-AUG-99
1CX9,2.3,X-RAY DIFFRACTION,10.1021/BI9907734,"['NHP', 'PLP', 'NA']","{'A': ['P00929'], 'B': ['P0A2K1']}","['A', 'B']",10504236,"[('A', ['4.2.1.20']), ('B', ['4.2.1.20'])]",C 1 2 1,29-AUG-99
1D0S,1.9,X-RAY DIFFRACTION,10.1021/BI991752C,"['DMD', 'PO4']",{'A': ['Q05603']},['A'],10587435,"[('A', ['2.4.2.21'])]",P 21 21 2,14-SEP-99
1D0V,1.9,X-RAY DIFFRACTION,10.1021/BI991752C,"['NIO', 'RBZ']",{'A': ['Q05603']},['A'],10587435,"[('A', ['2.4.2.21'])]",P 21 21 2,14-SEP-99
1D6S,2.3,X-RAY DIFFRACTION,10.1006/JMBI.1999.3002,"['PLP', 'MET']","{'A': ['P0A1E3'], 'B': ['P0A1E3']}","['A', 'B']",10452898,"[('A', ['4.2.99.8']), ('B', ['4.2.99.8'])]",P 21 21 2,15-OCT-99
1DZR,2.17,X-RAY DIFFRACTION,10.1038/75178,"['SO4', 'GOL']","{'A': ['P26394'], 'B': ['P26394']}","['B', 'A']",10802738,"[('B', ['5.1.3.13']), ('A', ['5.1.3.13'])]",P 31 2 1,07-MAR-00
1DZT,2.2,X-RAY DIFFRACTION,10.1038/75178,"['SO4', 'GOL', 'TPE', 'ATY']","{'A': ['P26394'], 'B': ['P26394']}","['A', 'B']",10802738,"[('A', ['5.1.3.13']), ('B', ['5.1.3.13'])]",P 31 2 1,07-MAR-00
1E2T,2.8,X-RAY DIFFRACTION,10.1038/76783,,"{'A': ['Q00267'], 'C': ['Q00267'], 'B': ['Q00267'], 'E': ['Q00267'], 'D': ['Q00267'], 'G': ['Q00267'], 'F': ['Q00267'], 'H': ['Q00267']}","['A', 'C', 'B', 'E', 'D', 'G', 'F', 'H']",10876241,"[('A', ['2.3.1.118']), ('C', ['2.3.1.118']), ('B', ['2.3.1.118']), ('E', ['2.3.1.118']), ('D', ['2.3.1.118']), ('G', ['2.3.1.118']), ('F', ['2.3.1.118']), ('H', ['2.3.1.118'])]",P 21 21 2,24-MAY-00
1EQW,2.3,X-RAY DIFFRACTION,10.1006/JMBI.2000.4074,"['ZN', 'CU']","{'A': ['P0CW86'], 'C': ['P0CW86'], 'B': ['P0CW86'], 'D': ['P0CW86']}","['A', 'B', 'C', 'D']",10970746,"[('A', ['1.15.1.1']), ('B', ['1.15.1.1']), ('C', ['1.15.1.1']), ('D', ['1.15.1.1'])]",C 1 2 1,06-APR-00
1F1H,2.67,X-RAY DIFFRACTION,10.1021/BI002438H,"['TL', 'ADP', 'MPD', 'MN']","{'A': ['P0A1P6'], 'C': ['P0A1P6'], 'B': ['P0A1P6'], 'E': ['P0A1P6'], 'D': ['P0A1P6'], 'G': ['P0A1P6'], 'F': ['P0A1P6'], 'I': ['P0A1P6'], 'H': ['P0A1P6'], 'K': ['P0A1P6'], 'J': ['P0A1P6'], 'L': ['P0A1P6']}","['G', 'A', 'C', 'B', 'E', 'D', 'F', 'I', 'H', 'K', 'J', 'L']",11329256,"[('G', ['6.3.1.2']), ('A', ['6.3.1.2']), ('C', ['6.3.1.2']), ('B', ['6.3.1.2']), ('E', ['6.3.1.2']), ('D', ['6.3.1.2']), ('F', ['6.3.1.2']), ('I', ['6.3.1.2']), ('H', ['6.3.1.2']), ('K', ['6.3.1.2']), ('J', ['6.3.1.2']), ('L', ['6.3.1.2'])]",C 1 2 1,19-MAY-00
1F52,2.49,X-RAY DIFFRACTION,10.1021/BI002438H,"['ADP', 'MPD', 'MN']","{'A': ['P0A1P6'], 'C': ['P0A1P6'], 'B': ['P0A1P6'], 'E': ['P0A1P6'], 'D': ['P0A1P6'], 'G': ['P0A1P6'], 'F': ['P0A1P6'], 'I': ['P0A1P6'], 'H': ['P0A1P6'], 'K': ['P0A1P6'], 'J': ['P0A1P6'], 'L': ['P0A1P6']}","['G', 'A', 'C', 'B', 'E', 'D', 'F', 'I', 'H', 'K', 'J', 'L']",11329256,"[('G', ['6.3.1.2']), ('A', ['6.3.1.2']), ('C', ['6.3.1.2']), ('B', ['6.3.1.2']), ('E', ['6.3.1.2']), ('D', ['6.3.1.2']), ('F', ['6.3.1.2']), ('I', ['6.3.1.2']), ('H', ['6.3.1.2']), ('K', ['6.3.1.2']), ('J', ['6.3.1.2']), ('L', ['6.3.1.2'])]",C 1 2 1,12-JUN-00
1FCJ,2.0,X-RAY DIFFRACTION,10.1006/JMBI.2000.4109,"['CL', 'SO4', 'PLP']","{'A': ['P0A1E3'], 'C': ['P0A1E3'], 'B': ['P0A1E3'], 'D': ['P0A1E3']}","['A', 'C', 'B', 'D']",11023792,"[('A', ['4.2.99.8']), ('C', ['4.2.99.8']), ('B', ['4.2.99.8']), ('D', ['4.2.99.8'])]",P 21 21 21,18-JUL-00
1FPY,2.89,X-RAY DIFFRACTION,10.1021/BI002438H,"['PPQ', 'ADP', 'MN']","{'A': ['P0A1P6'], 'C': ['P0A1P6'], 'B': ['P0A1P6'], 'E': ['P0A1P6'], 'D': ['P0A1P6'], 'G': ['P0A1P6'], 'F': ['P0A1P6'], 'I': ['P0A1P6'], 'H': ['P0A1P6'], 'K': ['P0A1P6'], 'J': ['P0A1P6'], 'L': ['P0A1P6']}","['G', 'A', 'C', 'B', 'E', 'D', 'F', 'I', 'H', 'K', 'J', 'L']",11329256,"[('G', ['6.3.1.2']), ('A', ['6.3.1.2']), ('C', ['6.3.1.2']), ('B', ['6.3.1.2']), ('E', ['6.3.1.2']), ('D', ['6.3.1.2']), ('F', ['6.3.1.2']), ('I', ['6.3.1.2']), ('H', ['6.3.1.2']), ('K', ['6.3.1.2']), ('J', ['6.3.1.2']), ('L', ['6.3.1.2'])]",C 1 2 1,31-AUG-00
1FUY,2.25,X-RAY DIFFRACTION,10.1074/JBC.C000479200,"['FIP', 'PLP', 'NA']","{'A': ['P00929'], 'B': ['P0A2K1']}","['A', 'B']",11034989,"[('A', ['4.2.1.20']), ('B', ['4.2.1.20'])]",C 1 2 1,18-SEP-00
1G1A,2.47,X-RAY DIFFRACTION,10.1006/JMBI.2000.4470,"['SO4', 'NAD']","{'A': ['Q9EU31'], 'C': ['Q9EU31'], 'B': ['Q9EU31'], 'D': ['Q9EU31']}","['A', 'B', 'C', 'D']",11243820,"[('A', ['4.2.1.46']), ('B', ['4.2.1.46']), ('C', ['4.2.1.46']), ('D', ['4.2.1.46'])]",P 1 21 1,11-OCT-00
1G5R,2.1,X-RAY DIFFRACTION,10.1021/BI002145O,"['CL', 'MSE']",{'A': ['P31570']},['A'],11148030,"[('A', ['2.5.1.17'])]",P 65 2 2,02-NOV-00
1G5T,1.8,X-RAY DIFFRACTION,10.1021/BI002145O,"['MG', 'ATP']",{'A': ['P31570']},['A'],11148030,"[('A', ['2.5.1.17'])]",P 65 2 2,02-NOV-00
1G64,2.1,X-RAY DIFFRACTION,10.1021/BI002145O,"['MG', 'B12', 'ATP']","{'A': ['P31570'], 'B': ['P31570']}","['A', 'B']",11148030,"[('A', ['2.5.1.17']), ('B', ['2.5.1.17'])]",P 41 21 2,03-NOV-00
1GCA,1.7,X-RAY DIFFRACTION,10.1006/JMBI.1993.1549,"['GAL', 'CA']",{'A': ['P23905']},['A'],8240551,,C 1 2 1,13-MAY-93
1GCG,1.9,X-RAY DIFFRACTION,,['CA'],{'A': ['P23905']},['A'],8132630,,C 1 2 1,03-FEB-94
1HPB,2.5,X-RAY DIFFRACTION,,['HIS'],{'P': ['P02910']},['P'],8307974,,P 21 21 21,30-SEP-93
1HYU,2.0,X-RAY DIFFRACTION,10.1021/BI002765P,"['SO4', 'CL', 'FAD']",{'A': ['P19480']},['A'],11300769,"[('A', ['1.8.1.-'])]",P 21 21 2,22-JAN-01
1I1Q,1.9,X-RAY DIFFRACTION,10.1038/84988,['TRP'],"{'A': ['P00898'], 'B': ['P00905']}","['A', 'B']",11224570,"[('A', ['4.1.3.27']), ('B', ['4.1.3.27'])]",P 21 21 2,02-FEB-01
1IIM,2.1,X-RAY DIFFRACTION,10.1038/88618,['TTP'],"{'A': ['P26393'], 'B': ['P26393']}","['A', 'B']",11373625,"[('A', ['2.7.7.24']), ('B', ['2.7.7.24'])]",P 43 21 2,23-APR-01
1IIN,2.1,X-RAY DIFFRACTION,10.1038/88618,['UPG'],"{'A': ['P26393'], 'C': ['P26393'], 'B': ['P26393'], 'D': ['P26393']}","['A', 'C', 'B', 'D']",11373625,"[('A', ['2.7.7.24']), ('C', ['2.7.7.24']), ('B', ['2.7.7.24']), ('D', ['2.7.7.24'])]",P 21 21 21,23-APR-01
1J7J,2.3,X-RAY DIFFRACTION,,['MG'],"{'A': ['O33799'], 'B': ['O33799']}","['A', 'B']",,"[('A', ['2.4.2.8']), ('B', ['2.4.2.8'])]",P 31 2 1,16-MAY-01
1JH8,1.8,X-RAY DIFFRACTION,10.1074/JBC.M105390200,"['ADE', 'PO4']",{'A': ['Q05603']},['A'],11441022,"[('A', ['2.4.2.21'])]",P 21 21 2,27-JUN-01
1JHA,2.0,X-RAY DIFFRACTION,10.1074/JBC.M105390200,"['AAM', 'NIO']",{'A': ['Q05603']},['A'],11441022,"[('A', ['2.4.2.21'])]",P 21 21 2,27-JUN-01
1JHM,2.2,X-RAY DIFFRACTION,10.1074/JBC.M105390200,"['5MB', 'PO4']",{'A': ['Q05603']},['A'],11441022,"[('A', ['2.4.2.21'])]",P 21 21 2,28-JUN-01
1JHO,2.0,X-RAY DIFFRACTION,10.1074/JBC.M105390200,"['NIO', 'RMB']",{'A': ['Q05603']},['A'],11441022,,P 21 21 2,28-JUN-01
1JHP,2.2,X-RAY DIFFRACTION,10.1074/JBC.M105390200,"['5OB', 'PO4']",{'A': ['Q05603']},['A'],11441022,"[('A', ['2.4.2.21'])]",P 21 21 2,28-JUN-01
1JHQ,2.0,X-RAY DIFFRACTION,10.1074/JBC.M105390200,"['PMO', 'NIO']",{'A': ['Q05603']},['A'],11441022,"[('A', ['2.4.2.21'])]",P 21 21 2,28-JUN-01
1JHR,2.0,X-RAY DIFFRACTION,10.1074/JBC.M105390200,"['NIO', 'P2P']",{'A': ['Q05603']},['A'],11441022,"[('A', ['2.4.2.21'])]",P 21 21 2,28-JUN-01
1JHU,2.0,X-RAY DIFFRACTION,10.1074/JBC.M105390200,"['PCR', 'PO4']",{'A': ['Q05603']},['A'],11441022,"[('A', ['2.4.2.21'])]",P 21 21 2,28-JUN-01
1JHV,2.0,X-RAY DIFFRACTION,10.1074/JBC.M105390200,"['PCR', 'NIO', 'PO4']",{'A': ['Q05603']},['A'],11441022,"[('A', ['2.4.2.21'])]",P 21 21 2,28-JUN-01
1JHX,2.0,X-RAY DIFFRACTION,10.1074/JBC.M105390200,"['PO4', 'IPH']",{'A': ['Q05603']},['A'],11441022,"[('A', ['2.4.2.21'])]",P 21 21 2,28-JUN-01
1JHY,2.0,X-RAY DIFFRACTION,10.1074/JBC.M105390200,"['NIO', 'PO4', 'IPH']",{'A': ['Q05603']},['A'],11441022,"[('A', ['2.4.2.21'])]",P 21 21 2,28-JUN-01
1JXH,2.3,X-RAY DIFFRACTION,10.1016/S0969-2126(02)00708-6,['SO4'],"{'A': ['P55882'], 'B': ['P55882']}","['A', 'B']",11839308,"[('A', ['2.7.4.7']), ('B', ['2.7.4.7'])]",P 41 21 2,07-SEP-01
1JXI,2.64,X-RAY DIFFRACTION,10.1016/S0969-2126(02)00708-6,"['SO4', 'HMH']","{'A': ['P55882'], 'B': ['P55882']}","['A', 'B']",11839308,"[('A', ['2.7.4.7']), ('B', ['2.7.4.7'])]",P 41 21 2,07-SEP-01
1K3U,1.7,X-RAY DIFFRACTION,10.1074/JBC.M111285200,"['PLP', 'IAD', 'NA']","{'A': ['P00929'], 'B': ['P0A2K1']}","['A', 'B']",11756456,"[('A', ['4.2.1.20']), ('B', ['4.2.1.20'])]",C 1 2 1,04-OCT-01
1K7E,2.3,X-RAY DIFFRACTION,10.1074/JBC.M111285200,"['PLP', 'NA', 'IAG']","{'A': ['P00929'], 'B': ['P0A2K1']}","['A', 'B']",11756456,"[('A', ['4.2.1.20']), ('B', ['4.2.1.20'])]",C 1 2 1,19-OCT-01
1K7F,1.9,X-RAY DIFFRACTION,10.1074/JBC.M111285200,"['IAV', 'PLP']","{'A': ['P00929'], 'B': ['P0A2K1']}","['A', 'B']",11756456,"[('A', ['4.2.1.20']), ('B', ['4.2.1.20'])]",C 1 2 1,19-OCT-01
1K7X,1.7,X-RAY DIFFRACTION,10.1074/JBC.M111031200,"['PLP', 'NA']","{'A': ['P00929'], 'B': ['P0A2K1']}","['A', 'B']",11756454,"[('A', ['4.2.1.20']), ('B', ['4.2.1.20'])]",C 1 2 1,22-OCT-01
1K8X,1.9,X-RAY DIFFRACTION,10.1016/S0022-2836(02)01109-9,"['PLP', 'NA']","{'A': ['P00929'], 'B': ['P0A2K1']}","['A', 'B']",12460570,"[('A', ['4.2.1.20']), ('B', ['4.2.1.20'])]",C 1 2 1,26-OCT-01
1K8Y,1.5,X-RAY DIFFRACTION,10.1074/JBC.M111031200,"['PLP', 'NA', '13P']","{'A': ['P00929'], 'B': ['P0A2K1']}","['A', 'B']",11756454,"[('A', ['4.2.1.20']), ('B', ['4.2.1.20'])]",C 1 2 1,26-OCT-01
1K8Z,1.7,X-RAY DIFFRACTION,10.1074/JBC.M111031200,"['PLP', 'NA', 'IAG']","{'A': ['P00929'], 'B': ['P0A2K1']}","['A', 'B']",11756454,"[('A', ['4.2.1.20']), ('B', ['4.2.1.20'])]",C 1 2 1,26-OCT-01
1KBZ,2.2,X-RAY DIFFRACTION,10.1016/S0969-2126(02)00770-0,['MG'],{'A': ['P26392']},['A'],12057193,"[('A', ['1.1.1.133'])]",P 21 21 2,07-NOV-01
1KC1,2.6,X-RAY DIFFRACTION,10.1016/S0969-2126(02)00770-0,"['SO4', 'MG', 'NDP']",{'A': ['P26392']},['A'],12057193,"[('A', ['1.1.1.133'])]",P 21 21 2,07-NOV-01
1KC3,2.7,X-RAY DIFFRACTION,10.1016/S0969-2126(02)00770-0,"['TRH', 'MG', 'NDP']",{'A': ['P26392']},['A'],12057193,"[('A', ['1.1.1.133'])]",P 21 21 2,07-NOV-01
1KEU,2.4,X-RAY DIFFRACTION,10.1016/S0969-2126(01)00694-3,"['NAD', 'DAU']","{'A': ['P26391'], 'B': ['P26391']}","['A', 'B']",11796113,"[('A', ['4.2.1.46']), ('B', ['4.2.1.46'])]",P 61,17-NOV-01
1KEW,1.8,X-RAY DIFFRACTION,10.1016/S0969-2126(01)00694-3,"['GOL', 'NAD', 'TYD']","{'A': ['P26391'], 'B': ['P26391']}","['A', 'B']",11796113,"[('A', ['4.2.1.46']), ('B', ['4.2.1.46'])]",P 61,17-NOV-01
1KFB,1.9,X-RAY DIFFRACTION,10.1016/S0022-2836(02)01109-9,"['PLP', 'IGP']","{'A': ['P00929'], 'B': ['P0A2K1']}","['A', 'B']",12460570,,C 1 2 1,20-NOV-01
1KFC,1.5,X-RAY DIFFRACTION,10.1016/S0022-2836(02)01109-9,"['PLP', 'IPL', 'NA']","{'A': ['P00929'], 'B': ['P0A2K1']}","['A', 'B']",12460570,"[('A', ['4.2.1.20']), ('B', ['4.2.1.20'])]",C 1 2 1,20-NOV-01
1KFE,1.75,X-RAY DIFFRACTION,10.1016/S0022-2836(02)01109-9,"['NA', 'PLS']","{'A': ['P00929'], 'B': ['P0A2K1']}","['A', 'B']",12460570,,C 1 2 1,20-NOV-01
1KFJ,1.8,X-RAY DIFFRACTION,10.1016/S0022-2836(02)01109-9,"['NA', 'PLS']","{'A': ['P00929'], 'B': ['P0A2K1']}","['A', 'B']",12460570,"[('A', ['4.2.1.20']), ('B', ['4.2.1.20'])]",C 1 2 1,21-NOV-01
1KFK,2.4,X-RAY DIFFRACTION,10.1016/S0022-2836(02)01109-9,"['PLP', 'NA']","{'A': ['P00929'], 'B': ['P0A2K1']}","['A', 'B']",12460570,"[('A', ['4.2.1.20']), ('B', ['4.2.1.20'])]",C 1 2 1,21-NOV-01
1KPL,3.0,X-RAY DIFFRACTION,10.1038/415287A,"['OCT', 'MYS', 'CL', 'SO4']","{'A': ['Q8ZRP8'], 'C': ['Q8ZRP8'], 'B': ['Q8ZRP8'], 'D': ['Q8ZRP8']}","['A', 'C', 'B', 'D']",11796999,,P 1 21 1,31-DEC-01
1L4B,1.7,X-RAY DIFFRACTION,10.1021/BI020294W,['PO4'],{'A': ['Q05603']},['A'],12119022,"[('A', ['2.4.2.21'])]",P 21 21 2,04-MAR-02
1L4E,2.0,X-RAY DIFFRACTION,10.1021/BI020294W,['RBZ'],{'A': ['Q05603']},['A'],12119022,"[('A', ['2.4.2.21'])]",P 21 21 2,06-MAR-02
1L4F,2.1,X-RAY DIFFRACTION,10.1021/BI020294W,"['150', 'NCN']",{'A': ['Q05603']},['A'],12119022,"[('A', ['2.4.2.21'])]",P 21 21 2,06-MAR-02
1L4G,2.1,X-RAY DIFFRACTION,10.1021/BI020294W,"['MCT', 'NCN']",{'A': ['Q05603']},['A'],12119022,"[('A', ['2.4.2.21'])]",P 21 21 2,06-MAR-02
1L4H,2.1,X-RAY DIFFRACTION,10.1021/BI020294W,"['NCN', 'IND']",{'A': ['Q05603']},['A'],12119022,"[('A', ['2.4.2.21'])]",P 21 21 2,06-MAR-02
1L4K,2.2,X-RAY DIFFRACTION,10.1021/BI020294W,"['NCN', '34A']",{'A': ['Q05603']},['A'],12119022,"[('A', ['2.4.2.21'])]",P 21 21 2,06-MAR-02
1L4L,2.0,X-RAY DIFFRACTION,10.1021/BI020294W,"['NCN', 'XYD']",{'A': ['Q05603']},['A'],12119022,"[('A', ['2.4.2.21'])]",P 21 21 2,06-MAR-02
1L4M,2.0,X-RAY DIFFRACTION,10.1021/BI020294W,"['2AC', 'NCN']",{'A': ['Q05603']},['A'],12119022,"[('A', ['2.4.2.21'])]",P 21 21 2,06-MAR-02
1L4N,2.0,X-RAY DIFFRACTION,10.1021/BI020294W,"['2AF', 'NIO', 'PO4']",{'A': ['Q05603']},['A'],12119022,"[('A', ['2.4.2.21'])]",P 21 21 2,06-MAR-02
1L5F,1.9,X-RAY DIFFRACTION,10.1021/BI020294W,"['PO4', 'BZI']",{'A': ['Q05603']},['A'],12119022,"[('A', ['2.4.2.21'])]",P 21 21 2,06-MAR-02
1L5K,2.0,X-RAY DIFFRACTION,10.1021/BI020294W,"['1RB', 'NIO']",{'A': ['Q05603']},['A'],12119022,"[('A', ['2.4.2.21'])]",P 21 21 2,07-MAR-02
1L5L,2.0,X-RAY DIFFRACTION,10.1021/BI020294W,"['NIO', '7RP']",{'A': ['Q05603']},['A'],12119022,"[('A', ['2.4.2.21'])]",P 21 21 2,07-MAR-02
1L5M,2.0,X-RAY DIFFRACTION,10.1021/BI020294W,"['7RA', 'NIO']",{'A': ['Q05603']},['A'],12119022,"[('A', ['2.4.2.21'])]",P 21 21 2,07-MAR-02
1L5N,1.9,X-RAY DIFFRACTION,10.1021/BI020294W,"['IMD', 'PO4']",{'A': ['Q05603']},['A'],12119022,"[('A', ['2.4.2.21'])]",P 21 21 2,07-MAR-02
1L5O,1.6,X-RAY DIFFRACTION,10.1021/BI020294W,"['2MP', 'NCN']",{'A': ['Q05603']},['A'],12119022,"[('A', ['2.4.2.21'])]",P 21 21 2,07-MAR-02
1LAF,2.06,X-RAY DIFFRACTION,,['ARG'],{'E': ['P02911']},['E'],7929349,,P 21 21 21,06-OCT-93
1LAG,2.06,X-RAY DIFFRACTION,,['HIS'],{'E': ['P02911']},['E'],7929349,,P 21 21 21,06-OCT-93
1LAH,2.06,X-RAY DIFFRACTION,,['ORN'],{'E': ['P02911']},['E'],7929349,,P 21 21 21,06-OCT-93
1LC5,1.46,X-RAY DIFFRACTION,10.1021/BI020294W,['PO4'],{'A': ['P97084']},['A'],12119022,,I 2 2 2,05-APR-02
1LC7,1.8,X-RAY DIFFRACTION,10.1021/BI020294W,"['TPO', 'PO4']",{'A': ['P97084']},['A'],12119022,,I 2 2 2,05-APR-02
1LC8,1.8,X-RAY DIFFRACTION,10.1021/BI020294W,['33P'],{'A': ['P97084']},['A'],12119022,,I 2 2 2,05-APR-02
1LGR,2.79,X-RAY DIFFRACTION,10.1021/BI00203A014,"['AMP', 'MN']","{'A': ['P0A1P6'], 'C': ['P0A1P6'], 'B': ['P0A1P6'], 'E': ['P0A1P6'], 'D': ['P0A1P6'], 'G': ['P0A1P6'], 'F': ['P0A1P6'], 'I': ['P0A1P6'], 'H': ['P0A1P6'], 'K': ['P0A1P6'], 'J': ['P0A1P6'], 'L': ['P0A1P6']}","['A', 'C', 'B', 'E', 'D', 'G', 'F', 'I', 'H', 'K', 'J', 'L']",7727369,"[('A', ['6.3.1.2']), ('C', ['6.3.1.2']), ('B', ['6.3.1.2']), ('E', ['6.3.1.2']), ('D', ['6.3.1.2']), ('G', ['6.3.1.2']), ('F', ['6.3.1.2']), ('I', ['6.3.1.2']), ('H', ['6.3.1.2']), ('K', ['6.3.1.2']), ('J', ['6.3.1.2']), ('L', ['6.3.1.2'])]",C 1 2 1,05-AUG-94
1LH0,2.0,X-RAY DIFFRACTION,10.1021/BI300083P,"['PRP', 'MG', 'ORO']","{'A': ['P08870'], 'B': ['P08870']}","['A', 'B']",22531064,"[('A', ['2.4.2.10']), ('B', ['2.4.2.10'])]",C 2 2 2,16-APR-02
1LKC,1.8,X-RAY DIFFRACTION,10.1021/BI012111W,"['PLP', 'EDO', 'PO4']",{'A': ['P97084']},['A'],11939774,,I 2 2 2,24-APR-02
1LST,1.8,X-RAY DIFFRACTION,,['LYS'],{'A': ['P02911']},['A'],8496186,,P 21 21 21,25-FEB-93
1M32,2.2,X-RAY DIFFRACTION,10.1021/BI026231V,"['MSE', 'POA', 'PO4', 'PLP']","{'A': ['P96060'], 'C': ['P96060'], 'B': ['P96060'], 'E': ['P96060'], 'D': ['P96060'], 'F': ['P96060']}","['A', 'C', 'B', 'E', 'D', 'F']",12403617,"[('A', ['2.6.1.37']), ('C', ['2.6.1.37']), ('B', ['2.6.1.37']), ('E', ['2.6.1.37']), ('D', ['2.6.1.37']), ('F', ['2.6.1.37'])]",P 1 21 1,26-JUN-02
1MDO,1.7,X-RAY DIFFRACTION,10.1016/S0969-2126(02)00879-1,"['PMP', 'MSE']",{'A': ['Q8ZNF3']},['A'],12429098,,P 43 21 2,07-AUG-02
1MDX,1.96,X-RAY DIFFRACTION,10.1016/S0969-2126(02)00879-1,"['GOL', 'PLP', 'AKG']",{'A': ['Q8ZNF3']},['A'],12429098,,P 43 21 2,07-AUG-02
1MDZ,2.07,X-RAY DIFFRACTION,10.1016/S0969-2126(02)00879-1,"['PLP', 'DCS']",{'A': ['Q8ZNF3']},['A'],12429098,,P 43 21 2,07-AUG-02
1MP3,2.2,X-RAY DIFFRACTION,10.1073/PNAS.192468299,['TTP'],"{'A': ['PDB-A'], 'B': ['PDB-B']}","['A', 'B']",12374866,"[('A', ['2.7.7.24']), ('B', ['2.7.7.24'])]",P 43 21 2,11-SEP-02
1MP4,2.2,X-RAY DIFFRACTION,10.1073/PNAS.192468299,['UPG'],"{'A': ['PDB-A'], 'B': ['PDB-B']}","['A', 'B']",12374866,"[('A', ['2.7.7.24']), ('B', ['2.7.7.24'])]",P 65 2 2,11-SEP-02
1MP5,2.75,X-RAY DIFFRACTION,10.1073/PNAS.192468299,['UPG'],"{'A': ['P26393'], 'C': ['P26393'], 'B': ['P26393'], 'D': ['P26393']}","['A', 'C', 'B', 'D']",12374866,"[('A', ['2.7.7.24']), ('C', ['2.7.7.24']), ('B', ['2.7.7.24']), ('D', ['2.7.7.24'])]",P 21 21 21,11-SEP-02
1MPR,2.8,X-RAY DIFFRACTION,10.1006/JMBI.1996.0823,['CA'],"{'A': ['P26466'], 'C': ['P26466'], 'B': ['P26466']}","['A', 'C', 'B']",9102468,,C 2 2 21,18-DEC-96
1N2S,2.0,X-RAY DIFFRACTION,10.1016/S0969-2126(02)00770-0,"['MG', 'NAI', 'TRS']",{'A': ['P26392']},['A'],12057193,"[('A', ['1.1.1.133'])]",P 21 21 2,24-OCT-02
1N8J,2.17,X-RAY DIFFRACTION,10.1126/SCIENCE.1080405,,"{'A': ['P0A251'], 'C': ['P0A251'], 'B': ['P0A251'], 'E': ['P0A251'], 'D': ['P0A251'], 'G': ['P0A251'], 'F': ['P0A251'], 'I': ['P0A251'], 'H': ['P0A251'], 'K': ['P0A251'], 'J': ['P0A251'], 'M': ['P0A251'], 'L': ['P0A251'], 'O': ['P0A251'], 'N': ['P0A251'], 'Q': ['P0A251'], 'P': ['P0A251'], 'S': ['P0A251'], 'R': ['P0A251'], 'T': ['P0A251']}","['A', 'C', 'B', 'E', 'D', 'G', 'F', 'I', 'H', 'K', 'J', 'M', 'L', 'O', 'N', 'Q', 'P', 'R', 'S', 'T']",12714747,"[('A', ['1.11.1.15']), ('C', ['1.11.1.15']), ('B', ['1.11.1.15']), ('E', ['1.11.1.15']), ('D', ['1.11.1.15']), ('G', ['1.11.1.15']), ('F', ['1.11.1.15']), ('I', ['1.11.1.15']), ('H', ['1.11.1.15']), ('K', ['1.11.1.15']), ('J', ['1.11.1.15']), ('M', ['1.11.1.15']), ('L', ['1.11.1.15']), ('O', ['1.11.1.15']), ('N', ['1.11.1.15']), ('Q', ['1.11.1.15']), ('P', ['1.11.1.15']), ('R', ['1.11.1.15']), ('S', ['1.11.1.15']), ('T', ['1.11.1.15'])]",P 1,20-NOV-02
1O5Q,2.3,X-RAY DIFFRACTION,10.1016/J.BBRC.2003.09.193,"['MG', 'PYR']","{'A': ['Q56062'], 'C': ['Q56062'], 'B': ['Q56062'], 'D': ['Q56062']}","['A', 'B', 'C', 'D']",14575713,"[('A', ['4.1.3.30']), ('B', ['4.1.3.30']), ('C', ['4.1.3.30']), ('D', ['4.1.3.30'])]",P 21 21 21,04-OCT-03
1OAS,2.2,X-RAY DIFFRACTION,10.1006/JMBI.1998.2037,['PLP'],"{'A': ['P0A1E3'], 'B': ['P0A1E3']}","['A', 'B']",9761678,"[('A', ['4.2.99.8']), ('B', ['4.2.99.8'])]",P 21 21 21,29-JAN-99
1OPR,2.3,X-RAY DIFFRACTION,10.1021/BI00034A006,"['PRP', 'MG', 'ORO']",{'A': ['P08870']},['A'],7545004,"[('A', ['2.4.2.10'])]",P 41 21 2,06-JAN-95
1PEM,2.99,X-RAY DIFFRACTION,10.1016/S0022-2836(03)00538-2,,{'A': ['Q08698']},['A'],12818204,"[('A', ['1.17.4.1'])]",P 43 21 2,22-MAY-03
1PEO,3.0,X-RAY DIFFRACTION,10.1016/S0022-2836(03)00538-2,"['MG', 'DCP']",{'A': ['Q08698']},['A'],12818204,"[('A', ['1.17.4.1'])]",P 43 21 2,22-MAY-03
1PEQ,2.8,X-RAY DIFFRACTION,10.1016/S0022-2836(03)00538-2,"['MG', 'TTP']",{'A': ['Q08698']},['A'],12818204,"[('A', ['1.17.4.1'])]",P 43 21 2,22-MAY-03
1PEU,3.2,X-RAY DIFFRACTION,10.1016/S0022-2836(03)00538-2,"['MG', 'DTP']",{'A': ['Q08698']},['A'],12818204,"[('A', ['1.17.4.1'])]",P 43 21 2,22-MAY-03
1PG3,2.3,X-RAY DIFFRACTION,10.1021/BI0271603,"['MG', 'EDO', 'COA', 'PRX']","{'A': ['Q8ZKF6'], 'B': ['Q8ZKF6']}","['A', 'B']",12627952,"[('A', ['6.2.1.1']), ('B', ['6.2.1.1'])]",P 1 21 1,27-MAY-03
1PG4,1.75,X-RAY DIFFRACTION,10.1021/BI0271603,"['COA', 'PRX', 'CL', 'MG', 'EDO']","{'A': ['Q8ZKF6'], 'B': ['Q8ZKF6']}","['A', 'B']",12627952,"[('A', ['6.2.1.1']), ('B', ['6.2.1.1'])]",P 1 21 1,27-MAY-03
1PJQ,2.21,X-RAY DIFFRACTION,10.1038/NSB1007,"['SAH', 'ACT', 'PGE', 'SEP']","{'A': ['P25924'], 'B': ['P25924']}","['A', 'B']",14595395,"[('A', ['2.1.1.107', '1.-.-.-', '4.99.1.-']), ('B', ['2.1.1.107', '1.-.-.-', '4.99.1.-'])]",P 21 21 21,03-JUN-03
1PJS,2.4,X-RAY DIFFRACTION,10.1038/NSB1007,"['NAD', 'SAH', 'PO4', 'PGE', 'SEP']","{'A': ['P25924'], 'B': ['P25924']}","['A', 'B']",14595395,"[('A', ['2.1.1.107', '1.-.-.-', '4.99.1.-']), ('B', ['2.1.1.107', '1.-.-.-', '4.99.1.-'])]",P 21 21 21,03-JUN-03
1PJT,2.8,X-RAY DIFFRACTION,10.1038/NSB1007,"['SAH', 'PO4']","{'A': ['P25924'], 'B': ['P25924']}","['A', 'B']",14595395,"[('A', ['2.1.1.107', '1.-.-.-', '4.99.1.-']), ('B', ['2.1.1.107', '1.-.-.-', '4.99.1.-'])]",P 21 21 21,03-JUN-03
1QAP,2.8,X-RAY DIFFRACTION,10.1016/S0969-2126(97)00165-2,['NTM'],"{'A': ['P30012'], 'B': ['P30012']}","['A', 'B']",9016724,"[('A', ['2.4.2.19']), ('B', ['2.4.2.19'])]",P 41 21 2,20-SEP-96
1QGO,2.4,X-RAY DIFFRACTION,10.1021/BI9906773,['SO4'],{'A': ['Q05592']},['A'],10451360,,P 63 2 2,03-MAY-99
1QOP,1.4,X-RAY DIFFRACTION,10.1021/BI9920533,"['PLP', 'IPL', 'NA']","{'A': ['P00929'], 'B': ['P0A2K1']}","['A', 'B']",10600108,"[('A', ['4.2.1.20']), ('B', ['4.2.1.20'])]",C 1 2 1,15-NOV-99
1QOQ,1.8,X-RAY DIFFRACTION,10.1021/BI9920533,"['PLP', 'IGP']","{'A': ['P00929'], 'B': ['P0A2K1']}","['A', 'B']",10600108,"[('A', ['4.2.1.20']), ('B', ['4.2.1.20'])]",C 1 2 1,15-NOV-99
1R2F,2.1,X-RAY DIFFRACTION,10.1021/BI981380S,['FE'],"{'A': ['P17424'], 'B': ['P17424']}","['A', 'B']",9748343,"[('A', ['1.17.4.1']), ('B', ['1.17.4.1'])]",P 1 21 1,24-AUG-98
1R8K,2.1,X-RAY DIFFRACTION,,"['SO4', 'CL', 'CO', 'MSE']","{'A': ['P58717'], 'B': ['P58717']}","['A', 'B']",,"[('A', ['1.1.1.262']), ('B', ['1.1.1.262'])]",P 41,27-OCT-03
1RYZ,2.9,X-RAY DIFFRACTION,,['ACY'],"{'A': ['P0A1F6'], 'C': ['P0A1F6'], 'B': ['P0A1F6'], 'E': ['P0A1F6'], 'D': ['P0A1F6'], 'F': ['P0A1F6']}","['A', 'C', 'B', 'E', 'D', 'F']",,"[('A', ['2.4.2.3']), ('C', ['2.4.2.3']), ('B', ['2.4.2.3']), ('E', ['2.4.2.3']), ('D', ['2.4.2.3']), ('F', ['2.4.2.3'])]",P 61,23-DEC-03
1SBP,1.7,X-RAY DIFFRACTION,,['SO4'],{'A': ['P02906']},['A'],8251939,,P 21 21 21,19-JUL-93
1SJ9,2.5,X-RAY DIFFRACTION,10.1107/S1744309105007463,['PO4'],"{'A': ['P0A1F6'], 'C': ['P0A1F6'], 'B': ['P0A1F6'], 'E': ['P0A1F6'], 'D': ['P0A1F6'], 'F': ['P0A1F6']}","['A', 'C', 'B', 'E', 'D', 'F']",16511035,"[('A', ['2.4.2.3']), ('C', ['2.4.2.3']), ('B', ['2.4.2.3']), ('E', ['2.4.2.3']), ('D', ['2.4.2.3']), ('F', ['2.4.2.3'])]",P 61,03-MAR-04
1STO,2.6,X-RAY DIFFRACTION,10.1021/BI00172A001,"['OH', 'OMP']",{'A': ['P08870']},['A'],8312245,"[('A', ['2.4.2.10'])]",P 41 21 2,20-DEC-93
1T3T,1.9,X-RAY DIFFRACTION,10.1021/BI0491301,"['SO4', 'MG', 'CYG', 'ADP']",{'A': ['P74881']},['A'],15301531,"[('A', ['6.3.5.3'])]",P 65,27-APR-04
1TJP,1.5,X-RAY DIFFRACTION,10.1016/J.JMB.2005.07.014,"['PLP', 'NA', 'HPF']","{'A': ['P00929'], 'B': ['P0A2K1']}","['A', 'B']",16120446,"[('A', ['4.2.1.20']), ('B', ['4.2.1.20'])]",C 1 2 1,07-JUN-04
1TTP,2.3,X-RAY DIFFRACTION,10.1021/BI952506D,"['PLP', 'CS']","{'A': ['P00929'], 'B': ['P0A2K1']}","['A', 'B']",8672457,"[('A', ['4.2.1.20']), ('B', ['4.2.1.20'])]",C 1 2 1,11-OCT-95
1TTQ,2.0,X-RAY DIFFRACTION,10.1021/BI952506D,"['PLP', 'K']","{'A': ['P00929'], 'B': ['P0A2K1']}","['A', 'B']",8672457,"[('A', ['4.2.1.20']), ('B', ['4.2.1.20'])]",C 1 2 1,11-OCT-95
1TYY,2.6,X-RAY DIFFRACTION,10.1016/J.STR.2004.07.020,"['MSE', 'K']","{'A': ['Q8ZKR2'], 'B': ['Q8ZKR2']}","['A', 'B']",15458630,"[('A', ['2.7.1.4']), ('B', ['2.7.1.4'])]",P 21 21 21,08-JUL-04
1TZ3,2.9,X-RAY DIFFRACTION,10.1016/J.STR.2004.07.020,"['AIS', 'MSE', 'K']","{'A': ['Q8ZKR2'], 'B': ['Q8ZKR2']}","['A', 'B']",15458630,"[('A', ['2.7.1.4']), ('B', ['2.7.1.4'])]",P 21 21 21,09-JUL-04
1TZ6,2.7,X-RAY DIFFRACTION,10.1016/J.STR.2004.07.020,"['MG', 'AIS', 'ACP', 'K']","{'A': ['Q8ZKR2'], 'B': ['Q8ZKR2']}","['A', 'B']",15458630,"[('A', ['2.7.1.4']), ('B', ['2.7.1.4'])]",P 21 21 21,09-JUL-04
1U14,1.68,X-RAY DIFFRACTION,,"['MSE', 'PO4']",{'A': ['P39432']},['A'],,,C 2 2 21,14-JUL-04
1UBS,1.9,X-RAY DIFFRACTION,10.1021/BI9700429,"['SER', 'PLP', 'NA']","{'A': ['P00929'], 'B': ['P0A2K1']}","['A', 'B']",9201907,"[('A', ['4.2.1.20']), ('B', ['4.2.1.20'])]",C 1 2 1,14-DEC-95
1UJQ,2.1,X-RAY DIFFRACTION,10.1016/J.BBRC.2003.09.193,,"{'A': ['Q56062'], 'C': ['Q56062'], 'B': ['Q56062'], 'D': ['Q56062']}","['A', 'C', 'B', 'D']",14575713,"[('A', ['4.1.3.30']), ('C', ['4.1.3.30']), ('B', ['4.1.3.30']), ('D', ['4.1.3.30'])]",P 21 21 21,11-AUG-03
1VPD,1.65,X-RAY DIFFRACTION,10.1007/S10969-009-9059-X,"['CL', 'MSE', 'TLA']",{'A': ['Q8ZLV8']},['A'],19184529,,I 2 2 2,22-OCT-04
1WBJ,1.5,X-RAY DIFFRACTION,10.1016/J.JMB.2005.07.014,"['G3P', 'PLP', 'NA']","{'A': ['P00929'], 'B': ['P0A2K1']}","['A', 'B']",16120446,"[('A', ['4.2.1.20']), ('B', ['4.2.1.20'])]",C 1 2 1,01-NOV-04
1WVG,1.8,X-RAY DIFFRACTION,10.1107/S0907444904033876,"['APR', 'CXY']","{'A': ['P26397'], 'B': ['P26397']}","['A', 'B']",15805590,"[('A', ['4.2.1.45']), ('B', ['4.2.1.45'])]",P 31 2 1,15-DEC-04
1X3M,2.2,X-RAY DIFFRACTION,10.1016/J.JMB.2005.07.069,['ADP'],{'A': ['O06961']},['A'],16139298,"[('A', ['2.7.2.-'])]",P 31 2 1,09-MAY-05
1X3N,2.3,X-RAY DIFFRACTION,10.1016/J.JMB.2005.07.069,"['EDO', 'ANP']",{'A': ['O06961']},['A'],16139298,"[('A', ['2.7.2.-'])]",P 31 2 1,10-MAY-05
1XR4,2.37,X-RAY DIFFRACTION,,['MSE'],"{'A': ['Q8ZRY1'], 'B': ['Q8ZRY1']}","['A', 'B']",,,P 21 21 21,13-OCT-04
1Y1Q,2.35,X-RAY DIFFRACTION,,"['U', 'SO4']","{'A': ['P0A1F6'], 'C': ['P0A1F6'], 'B': ['P0A1F6'], 'E': ['P0A1F6'], 'D': ['P0A1F6'], 'F': ['P0A1F6']}","['A', 'C', 'B', 'E', 'D', 'F']",,"[('A', ['2.4.2.3']), ('C', ['2.4.2.3']), ('B', ['2.4.2.3']), ('E', ['2.4.2.3']), ('D', ['2.4.2.3']), ('F', ['2.4.2.3'])]",P 21 21 21,19-NOV-04
1Y1R,2.11,X-RAY DIFFRACTION,,"['PO4', 'ANU']","{'A': ['P0A1F6'], 'C': ['P0A1F6'], 'B': ['P0A1F6'], 'E': ['P0A1F6'], 'D': ['P0A1F6'], 'F': ['P0A1F6']}","['A', 'C', 'B', 'E', 'D', 'F']",,"[('A', ['2.4.2.3']), ('C', ['2.4.2.3']), ('B', ['2.4.2.3']), ('E', ['2.4.2.3']), ('D', ['2.4.2.3']), ('F', ['2.4.2.3'])]",P 21 21 21,19-NOV-04
1Y1S,2.55,X-RAY DIFFRACTION,,"['URA', 'SO4']","{'A': ['P0A1F6'], 'C': ['P0A1F6'], 'B': ['P0A1F6'], 'E': ['P0A1F6'], 'D': ['P0A1F6'], 'F': ['P0A1F6']}","['D', 'A', 'C', 'B', 'E', 'F']",,"[('D', ['2.4.2.3']), ('A', ['2.4.2.3']), ('C', ['2.4.2.3']), ('B', ['2.4.2.3']), ('E', ['2.4.2.3']), ('F', ['2.4.2.3'])]",P 21 21 21,19-NOV-04
1Y1T,1.77,X-RAY DIFFRACTION,,"['SO4', 'GOL']","{'A': ['P0A1F6'], 'F': ['P0A1F6']}","['F', 'A']",,"[('F', ['2.4.2.3']), ('A', ['2.4.2.3'])]",H 3,19-NOV-04
1YB4,2.4,X-RAY DIFFRACTION,10.1007/S10969-009-9059-X,['MSE'],"{'A': ['Q8ZR83'], 'B': ['Q8ZR83']}","['A', 'B']",19184529,"[('A', ['1.1.1.60']), ('B', ['1.1.1.60'])]",P 21 21 2,20-DEC-04
1YEP,2.5,X-RAY DIFFRACTION,10.1021/BI050448I,['SO4'],"{'A': ['P0A251'], 'C': ['P0A251'], 'B': ['P0A251'], 'E': ['P0A251'], 'D': ['P0A251']}","['A', 'C', 'B', 'D', 'E']",16060667,"[('A', ['1.11.1.15']), ('C', ['1.11.1.15']), ('B', ['1.11.1.15']), ('D', ['1.11.1.15']), ('E', ['1.11.1.15'])]",C 2 2 21,28-DEC-04
1YEX,2.3,X-RAY DIFFRACTION,10.1021/BI050448I,['SO4'],"{'A': ['P0A251'], 'C': ['P0A251'], 'B': ['P0A251'], 'E': ['P0A251'], 'D': ['P0A251']}","['A', 'C', 'B', 'D', 'E']",16060667,"[('A', ['1.11.1.15']), ('C', ['1.11.1.15']), ('B', ['1.11.1.15']), ('D', ['1.11.1.15']), ('E', ['1.11.1.15'])]",C 2 2 21,28-DEC-04
1YF0,2.5,X-RAY DIFFRACTION,10.1021/BI050448I,['SO4'],"{'A': ['P0A251'], 'C': ['P0A251'], 'B': ['P0A251'], 'E': ['P0A251'], 'D': ['P0A251']}","['A', 'C', 'B', 'D', 'E']",16060667,"[('A', ['1.11.1.15']), ('C', ['1.11.1.15']), ('B', ['1.11.1.15']), ('D', ['1.11.1.15']), ('E', ['1.11.1.15'])]",C 2 2 21,29-DEC-04
1YF1,2.6,X-RAY DIFFRACTION,10.1021/BI050448I,['NA'],"{'A': ['P0A251'], 'C': ['P0A251'], 'B': ['P0A251'], 'E': ['P0A251'], 'D': ['P0A251'], 'G': ['P0A251'], 'F': ['P0A251'], 'I': ['P0A251'], 'H': ['P0A251'], 'J': ['P0A251']}","['A', 'C', 'B', 'E', 'D', 'G', 'F', 'I', 'H', 'J']",16060667,"[('A', ['1.11.1.15']), ('C', ['1.11.1.15']), ('B', ['1.11.1.15']), ('E', ['1.11.1.15']), ('D', ['1.11.1.15']), ('G', ['1.11.1.15']), ('F', ['1.11.1.15']), ('I', ['1.11.1.15']), ('H', ['1.11.1.15']), ('J', ['1.11.1.15'])]",P 21 21 2,29-DEC-04
1ZL2,1.85,X-RAY DIFFRACTION,,"['PO4', 'ANU']","{'A': ['P0A1F6'], 'C': ['P0A1F6'], 'B': ['P0A1F6'], 'E': ['P0A1F6'], 'D': ['P0A1F6'], 'F': ['P0A1F6']}","['A', 'C', 'B', 'E', 'D', 'F']",,"[('A', ['2.4.2.3']), ('C', ['2.4.2.3']), ('B', ['2.4.2.3']), ('E', ['2.4.2.3']), ('D', ['2.4.2.3']), ('F', ['2.4.2.3'])]",P 21 21 21,05-MAY-05
1ZYN,2.3,X-RAY DIFFRACTION,10.1110/PS.051459705,,"{'A': ['P19480'], 'B': ['P19480']}","['A', 'B']",16131664,"[('A', ['1.8.1.-']), ('B', ['1.8.1.-'])]",P 41 21 2,10-JUN-05
1ZYP,2.4,X-RAY DIFFRACTION,10.1110/PS.051459705,,"{'A': ['P19480'], 'B': ['P19480']}","['A', 'B']",16131664,"[('A', ['1.6.4.-']), ('B', ['1.6.4.-'])]",P 41 21 2,10-JUN-05
2AN1,2.0,X-RAY DIFFRACTION,,,"{'A': ['P65774'], 'C': ['P65774'], 'B': ['P65774'], 'D': ['P65774']}","['A', 'C', 'B', 'D']",,"[('A', ['2.7.1.23']), ('C', ['2.7.1.23']), ('B', ['2.7.1.23']), ('D', ['2.7.1.23'])]",P 21 21 21,10-AUG-05
2AP1,1.9,X-RAY DIFFRACTION,,"['ZN', 'NA']",{'A': ['Q8ZPZ9']},['A'],,,C 2 2 21,15-AUG-05
2BQ1,4.0,X-RAY DIFFRACTION,10.1016/J.JMB.2006.03.035,"['FE', 'DGT', 'MG']","{'I': ['P17424'], 'J': ['P17424'], 'E': ['Q08698'], 'F': ['Q08698']}","['E', 'F', 'I', 'J']",16631785,"[('E', ['1.17.4.1']), ('F', ['1.17.4.1']), ('I', ['1.17.4.1']), ('J', ['1.17.4.1'])]",P 41 3 2,26-APR-05
2CLE,1.5,X-RAY DIFFRACTION,10.1021/BI700385F,"['F6F', 'PLP', 'NA']","{'A': ['P00929'], 'B': ['P0A2K1']}","['A', 'B']",17559195,"[('A', ['4.2.1.20']), ('B', ['4.2.1.20'])]",C 1 2 1,27-APR-06
2CLF,1.7,X-RAY DIFFRACTION,10.1021/BI700385F,"['F6F', 'PLP', 'NA']","{'A': ['P00929'], 'B': ['P0A2K1']}","['A', 'B']",17559195,"[('A', ['4.2.1.20']), ('B', ['4.2.1.20'])]",C 1 2 1,27-APR-06
2CLH,1.7,X-RAY DIFFRACTION,10.1021/BI700385F,"['PLP', 'F19', 'NA']","{'A': ['P00929'], 'B': ['P0A2K1']}","['A', 'B']",17559195,"[('A', ['4.2.1.20']), ('B', ['4.2.1.20'])]",C 1 2 1,27-APR-06
2CLI,1.7,X-RAY DIFFRACTION,10.1021/BI700385F,"['F9F', 'PLP', 'NA']","{'A': ['P00929'], 'B': ['P0A2K1']}","['A', 'B']",17559195,"[('A', ['4.2.1.20']), ('B', ['4.2.1.20'])]",C 1 2 1,27-APR-06
2CLK,1.5,X-RAY DIFFRACTION,10.1021/BI700385F,"['G3H', 'PLP', 'NA']","{'A': ['P00929'], 'B': ['P0A2K1']}","['A', 'B']",17559195,"[('A', ['4.2.1.20']), ('B', ['4.2.1.20'])]",C 1 2 1,27-APR-06
2CLL,1.6,X-RAY DIFFRACTION,10.1021/BI7003872,"['F9F', 'NA', 'PLS']","{'A': ['P00929'], 'B': ['P0A2K1']}","['A', 'B']",17559232,"[('A', ['4.2.1.20']), ('B', ['4.2.1.20'])]",C 1 2 1,28-APR-06
2CLM,1.51,X-RAY DIFFRACTION,10.1021/BI7003872,"['F6F', 'NA', 'PLS']","{'A': ['P00929'], 'B': ['P0A2K1']}","['A', 'B']",17559232,"[('A', ['4.2.1.20']), ('B', ['4.2.1.20'])]",C 1 2 1,28-APR-06
2CLO,1.5,X-RAY DIFFRACTION,10.1021/BI7003872,"['F19', 'NA', 'PLS']","{'A': ['P00929'], 'B': ['P0A2K1']}","['A', 'B']",17559232,"[('A', ['4.2.1.20']), ('B', ['4.2.1.20'])]",C 1 2 1,28-APR-06
2E1Y,2.6,X-RAY DIFFRACTION,10.1002/PROT.21626,,{'A': ['O06961']},['A'],17894350,"[('A', ['2.7.2.15'])]",P 31 2 1,04-NOV-06
2E1Z,1.98,X-RAY DIFFRACTION,10.1002/PROT.21626,"['EDO', 'B4P']",{'A': ['O06961']},['A'],17894350,"[('A', ['2.7.2.15'])]",P 31 2 1,04-NOV-06
2E20,2.4,X-RAY DIFFRACTION,10.1002/PROT.21626,"['EDO', 'B4P']",{'A': ['O06961']},['A'],17894350,"[('A', ['2.7.2.15'])]",P 31 2 1,04-NOV-06
2FUV,2.0,X-RAY DIFFRACTION,,"['MG', 'MSE']","{'A': ['Q8ZQW9'], 'B': ['Q8ZQW9']}","['A', 'B']",,"[('A', ['5.4.2.2']), ('B', ['5.4.2.2'])]",P 21 21 21,27-JAN-06
2G17,2.3,X-RAY DIFFRACTION,,"['SO4', 'MSE']",{'A': ['Q8ZKL8']},['A'],,"[('A', ['1.2.1.38'])]",P 64 2 2,13-FEB-06
2GLS,3.5,X-RAY DIFFRACTION,,['MN'],"{'A': ['P0A1P6'], 'C': ['P0A1P6'], 'B': ['P0A1P6'], 'E': ['P0A1P6'], 'D': ['P0A1P6'], 'G': ['P0A1P6'], 'F': ['P0A1P6'], 'I': ['P0A1P6'], 'H': ['P0A1P6'], 'K': ['P0A1P6'], 'J': ['P0A1P6'], 'L': ['P0A1P6']}","['A', 'C', 'B', 'E', 'D', 'G', 'F', 'I', 'H', 'K', 'J', 'L']",2572586,"[('A', ['6.3.1.2']), ('C', ['6.3.1.2']), ('B', ['6.3.1.2']), ('E', ['6.3.1.2']), ('D', ['6.3.1.2']), ('G', ['6.3.1.2']), ('F', ['6.3.1.2']), ('I', ['6.3.1.2']), ('H', ['6.3.1.2']), ('K', ['6.3.1.2']), ('J', ['6.3.1.2']), ('L', ['6.3.1.2'])]",C 1 2 1,19-MAY-89
2GN0,1.7,X-RAY DIFFRACTION,10.1074/JBC.M605721200,"['NA', 'LLP']","{'A': ['P11954'], 'C': ['P11954'], 'B': ['P11954'], 'D': ['P11954']}","['A', 'C', 'B', 'D']",17046821,"[('A', ['4.3.1.19']), ('C', ['4.3.1.19']), ('B', ['4.3.1.19']), ('D', ['4.3.1.19'])]",P 1,09-APR-06
2GN1,2.2,X-RAY DIFFRACTION,10.1074/JBC.M605721200,"['LLP', 'NA']","{'A': ['P11954'], 'B': ['P11954']}","['A', 'B']",17046821,"[('A', ['4.3.1.19']), ('B', ['4.3.1.19'])]",P 1,09-APR-06
2GN2,2.5,X-RAY DIFFRACTION,10.1074/JBC.M605721200,"['LLP', 'C5P', 'NA']",{'A': ['P11954']},['A'],17046821,"[('A', ['4.3.1.19'])]",P 6 2 2,09-APR-06
2GUW,2.64,X-RAY DIFFRACTION,,,"{'A': ['Q8ZNS0'], 'C': ['Q8ZNS0'], 'B': ['Q8ZNS0']}","['A', 'C', 'B']",,"[('A', ['3.2.2.4']), ('C', ['3.2.2.4']), ('B', ['3.2.2.4'])]",I 2 2 2,01-MAY-06
2HI1,2.3,X-RAY DIFFRACTION,,['MSE'],"{'A': ['P58718'], 'B': ['P58718']}","['A', 'B']",,"[('A', ['1.1.1.262']), ('B', ['1.1.1.262'])]",P 21 21 21,28-JUN-06
2HN9,2.12,X-RAY DIFFRACTION,,"['PO4', 'TDR']","{'A': ['P0A1F6'], 'C': ['P0A1F6'], 'B': ['P0A1F6'], 'E': ['P0A1F6'], 'D': ['P0A1F6'], 'F': ['P0A1F6']}","['A', 'C', 'B', 'E', 'D', 'F']",,"[('A', ['2.4.2.3']), ('C', ['2.4.2.3']), ('B', ['2.4.2.3']), ('E', ['2.4.2.3']), ('D', ['2.4.2.3']), ('F', ['2.4.2.3'])]",P 21 21 21,12-JUL-06
2HRD,1.7,X-RAY DIFFRACTION,,"['1PE', 'GOL', 'PO4', 'TDR']","{'A': ['P0A1F6'], 'C': ['P0A1F6'], 'B': ['P0A1F6'], 'E': ['P0A1F6'], 'D': ['P0A1F6'], 'F': ['P0A1F6']}","['A', 'C', 'B', 'E', 'D', 'F']",,"[('A', ['2.4.2.3']), ('C', ['2.4.2.3']), ('B', ['2.4.2.3']), ('E', ['2.4.2.3']), ('D', ['2.4.2.3']), ('F', ['2.4.2.3'])]",P 21 21 21,20-JUL-06
2HSW,1.99,X-RAY DIFFRACTION,,['PO4'],"{'A': ['P0A1F6'], 'B': ['P0A1F6']}","['A', 'B']",,"[('A', ['2.4.2.3']), ('B', ['2.4.2.3'])]",H 3,24-JUL-06
2HWU,2.91,X-RAY DIFFRACTION,,"['PO4', 'URI']","{'A': ['P0A1F6'], 'C': ['P0A1F6'], 'B': ['P0A1F6'], 'E': ['P0A1F6'], 'D': ['P0A1F6'], 'F': ['P0A1F6']}","['A', 'C', 'B', 'E', 'D', 'F']",,"[('A', ['2.4.2.3']), ('C', ['2.4.2.3']), ('B', ['2.4.2.3']), ('E', ['2.4.2.3']), ('D', ['2.4.2.3']), ('F', ['2.4.2.3'])]",P 21 21 21,02-AUG-06
2I8A,1.64,X-RAY DIFFRACTION,,['PO4'],"{'A': ['P0A1F6'], 'C': ['P0A1F6'], 'B': ['P0A1F6'], 'E': ['P0A1F6'], 'D': ['P0A1F6'], 'F': ['P0A1F6']}","['A', 'C', 'B', 'E', 'D', 'F']",,"[('A', ['2.4.2.3']), ('C', ['2.4.2.3']), ('B', ['2.4.2.3']), ('E', ['2.4.2.3']), ('D', ['2.4.2.3']), ('F', ['2.4.2.3'])]",P 21 21 21,01-SEP-06
2IQ5,1.9,X-RAY DIFFRACTION,,,"{'A': ['P0A1F6'], 'B': ['P0A1F6']}","['A', 'B']",,"[('A', ['2.4.2.3']), ('B', ['2.4.2.3'])]",H 3,13-OCT-06
2J9X,1.9,X-RAY DIFFRACTION,10.1021/BI7003872,"['G3P', 'DMS', 'P1T', 'CS']","{'A': ['P00929'], 'B': ['P0A2K1']}","['A', 'B']",17559232,"[('A', ['4.2.1.20']), ('B', ['4.2.1.20'])]",C 1 2 1,16-NOV-06
2J9Y,1.8,X-RAY DIFFRACTION,10.1021/BI7008568,"['FOO', 'NA']","{'A': ['P00929'], 'B': ['P0A2K1']}","['A', 'B']",18004874,"[('A', ['4.2.1.20']), ('B', ['4.2.1.20'])]",C 1 2 1,16-NOV-06
2J9Z,1.8,X-RAY DIFFRACTION,10.1021/BI7008568,"['PLP', 'NA']","{'A': ['P00929'], 'B': ['P0A2K1']}","['A', 'B']",18004874,"[('A', ['4.2.1.20']), ('B', ['4.2.1.20'])]",C 1 2 1,16-NOV-06
2JC3,2.3,X-RAY DIFFRACTION,10.1021/BI602603C,['PLP'],"{'A': ['P29848'], 'C': ['P29848'], 'B': ['P29848'], 'E': ['P29848'], 'D': ['P29848'], 'G': ['P29848'], 'F': ['P29848'], 'H': ['P29848']}","['A', 'C', 'B', 'E', 'D', 'G', 'F', 'H']",17583914,,P 1,19-DEC-06
2LAO,1.9,X-RAY DIFFRACTION,,,{'A': ['P02911']},['A'],8496186,,P 21 21 21,25-FEB-93
2LGS,2.8,X-RAY DIFFRACTION,10.1073/PNAS.90.11.4996,"['GLU', 'MN']","{'A': ['P0A1P6'], 'C': ['P0A1P6'], 'B': ['P0A1P6'], 'E': ['P0A1P6'], 'D': ['P0A1P6'], 'G': ['P0A1P6'], 'F': ['P0A1P6'], 'I': ['P0A1P6'], 'H': ['P0A1P6'], 'K': ['P0A1P6'], 'J': ['P0A1P6'], 'L': ['P0A1P6']}","['A', 'C', 'B', 'E', 'D', 'G', 'F', 'I', 'H', 'K', 'J', 'L']",8099447,"[('A', ['6.3.1.2']), ('C', ['6.3.1.2']), ('B', ['6.3.1.2']), ('E', ['6.3.1.2']), ('D', ['6.3.1.2']), ('G', ['6.3.1.2']), ('F', ['6.3.1.2']), ('I', ['6.3.1.2']), ('H', ['6.3.1.2']), ('K', ['6.3.1.2']), ('J', ['6.3.1.2']), ('L', ['6.3.1.2'])]",C 1 2 1,05-AUG-94
2MPR,2.4,X-RAY DIFFRACTION,10.1006/JMBI.1996.0823,"['BGC', 'GLC', 'CA']","{'A': ['P26466'], 'C': ['P26466'], 'B': ['P26466']}","['A', 'C', 'B']",9102468,,C 2 2 21,07-FEB-97
2OEC,2.19,X-RAY DIFFRACTION,,"['1PE', 'GOL', 'K', 'ANU']","{'A': ['P0A1F6'], 'C': ['P0A1F6'], 'B': ['P0A1F6'], 'E': ['P0A1F6'], 'D': ['P0A1F6'], 'F': ['P0A1F6']}","['A', 'C', 'B', 'E', 'D', 'F']",,"[('A', ['2.4.2.3']), ('C', ['2.4.2.3']), ('B', ['2.4.2.3']), ('E', ['2.4.2.3']), ('D', ['2.4.2.3']), ('F', ['2.4.2.3'])]",P 21 21 21,29-DEC-06
2OXF,1.76,X-RAY DIFFRACTION,,['GOL'],"{'A': ['P0A1F6'], 'F': ['P0A1F6']}","['A', 'F']",,"[('A', ['2.4.2.3']), ('F', ['2.4.2.3'])]",H 3,20-FEB-07
2P20,2.22,X-RAY DIFFRACTION,10.1021/BI6026506,['PRX'],"{'A': ['Q8ZKF6'], 'B': ['Q8ZKF6']}","['A', 'B']",17497934,"[('A', ['6.2.1.1']), ('B', ['6.2.1.1'])]",P 21 21 21,06-MAR-07
2P2B,2.2,X-RAY DIFFRACTION,10.1021/BI6026506,"['COA', 'PRX']","{'A': ['Q8ZKF6'], 'B': ['Q8ZKF6']}","['A', 'B']",17497934,"[('A', ['6.2.1.1']), ('B', ['6.2.1.1'])]",P 1 21 1,07-MAR-07
2P2F,2.58,X-RAY DIFFRACTION,10.1021/BI6026506,"['ACT', 'COA', 'AMP']","{'A': ['Q8ZKF6'], 'B': ['Q8ZKF6']}","['A', 'B']",17497934,"[('A', ['6.2.1.1']), ('B', ['6.2.1.1'])]",P 21 21 21,07-MAR-07
2P2J,2.3,X-RAY DIFFRACTION,10.1021/BI6026506,"['COA', 'PRX']","{'A': ['Q8ZKF6'], 'B': ['Q8ZKF6']}","['A', 'B']",17497934,"[('A', ['6.2.1.1']), ('B', ['6.2.1.1'])]",P 21 21 21,07-MAR-07
2P2M,2.11,X-RAY DIFFRACTION,10.1021/BI6026506,['PRX'],"{'A': ['Q8ZKF6'], 'B': ['Q8ZKF6']}","['A', 'B']",17497934,"[('A', ['6.2.1.1']), ('B', ['6.2.1.1'])]",P 21 21 21,07-MAR-07
2P2Q,2.42,X-RAY DIFFRACTION,10.1021/BI6026506,['PRX'],"{'A': ['Q8ZKF6'], 'B': ['Q8ZKF6']}","['A', 'B']",17497934,"[('A', ['6.2.1.1']), ('B', ['6.2.1.1'])]",P 21 21 21,07-MAR-07
2PB0,1.96,X-RAY DIFFRACTION,10.1002/PROT.21567,"['PLP', 'EDO']","{'A': ['P40732'], 'B': ['P40732']}","['A', 'B']",17680699,"[('A', ['2.6.1.11', '2.6.1.17']), ('B', ['2.6.1.11', '2.6.1.17'])]",P 21 21 2,28-MAR-07
2PB2,1.91,X-RAY DIFFRACTION,10.1002/PROT.21567,"['GOL', 'PLP', 'EDO']","{'A': ['P40732'], 'B': ['P40732']}","['A', 'B']",17680699,"[('A', ['2.6.1.11', '2.6.1.17']), ('B', ['2.6.1.11', '2.6.1.17'])]",P 21 21 2,28-MAR-07
2PGA,1.74,X-RAY DIFFRACTION,,"['K', 'PO4', 'ANU']","{'A': ['P0A1F6'], 'C': ['P0A1F6'], 'B': ['P0A1F6'], 'E': ['P0A1F6'], 'D': ['P0A1F6'], 'F': ['P0A1F6']}","['A', 'C', 'B', 'E', 'D', 'F']",,"[('A', ['2.4.2.3']), ('C', ['2.4.2.3']), ('B', ['2.4.2.3']), ('E', ['2.4.2.3']), ('D', ['2.4.2.3']), ('F', ['2.4.2.3'])]",P 21 21 21,09-APR-07
2PP0,2.2,X-RAY DIFFRACTION,10.1021/BI7008882,['GOL'],"{'A': ['Q8ZL58'], 'C': ['Q8ZL58'], 'B': ['Q8ZL58']}","['A', 'C', 'B']",17649980,,P 4 2 2,27-APR-07
2PP1,2.2,X-RAY DIFFRACTION,10.1021/BI7008882,"['MG', 'LLH']","{'A': ['Q8ZL58'], 'C': ['Q8ZL58'], 'B': ['Q8ZL58'], 'E': ['Q8ZL58'], 'D': ['Q8ZL58'], 'F': ['Q8ZL58']}","['A', 'C', 'B', 'E', 'D', 'F']",17649980,,P 2 2 2,27-APR-07
2PP3,2.2,X-RAY DIFFRACTION,10.1021/BI7008882,"['MG', 'LGT']","{'A': ['Q8ZL58'], 'C': ['Q8ZL58'], 'B': ['Q8ZL58']}","['A', 'B', 'C']",17649980,,P 4 2 2,27-APR-07
2QDK,1.62,X-RAY DIFFRACTION,,,"{'A': ['P0A1F6'], 'C': ['P0A1F6'], 'B': ['P0A1F6'], 'E': ['P0A1F6'], 'D': ['P0A1F6'], 'F': ['P0A1F6']}","['A', 'C', 'B', 'F', 'D', 'E']",,"[('A', ['2.4.2.3']), ('C', ['2.4.2.3']), ('B', ['2.4.2.3']), ('F', ['2.4.2.3']), ('D', ['2.4.2.3']), ('E', ['2.4.2.3'])]",P 21 21 21,21-JUN-07
2QED,1.45,X-RAY DIFFRACTION,10.1021/BI7007245,"['FE', 'EDO']",{'A': ['Q8ZRM2']},['A'],17764159,"[('A', ['3.1.2.6'])]",P 1 21 1,25-JUN-07
2QJV,1.9,X-RAY DIFFRACTION,,"['MSE', 'NI', 'GOL', 'CL', 'SO4', 'MLY']","{'A': ['Q8ZK62'], 'B': ['Q8ZK62']}","['A', 'B']",,,I 2 3,09-JUL-07
2R2F,2.25,X-RAY DIFFRACTION,10.1021/BI981380S,['FEO'],"{'A': ['P17424'], 'B': ['P17424']}","['A', 'B']",9748343,"[('A', ['1.17.4.1']), ('B', ['1.17.4.1'])]",P 1 21 1,24-AUG-98
2RCN,2.25,X-RAY DIFFRACTION,10.1107/S1744309107048609,"['GDP', 'ZN', 'MG']",{'A': ['Q8ZKB0']},['A'],18007041,"[('A', ['3.6.1.-'])]",P 31 2 1,20-SEP-07
2RH9,1.7,X-RAY DIFFRACTION,,"['PLP', 'NA', 'IGP']","{'A': ['P00929'], 'B': ['P0A2K1']}","['A', 'B']",,"[('A', ['4.2.1.20']), ('B', ['4.2.1.20'])]",C 1 2 1,08-OCT-07
2RHG,2.0,X-RAY DIFFRACTION,,"['PLP', 'NA', 'IGP']","{'A': ['P00929'], 'B': ['P0A2K1']}","['A', 'B']",,"[('A', ['4.2.1.20']), ('B', ['4.2.1.20'])]",C 1 2 1,09-OCT-07
2RJ3,2.51,X-RAY DIFFRACTION,,"['URA', 'PO4']","{'A': ['P0A1F6'], 'C': ['P0A1F6'], 'B': ['P0A1F6'], 'E': ['P0A1F6'], 'D': ['P0A1F6'], 'F': ['P0A1F6']}","['D', 'A', 'C', 'B', 'E', 'F']",,"[('D', ['2.4.2.3']), ('A', ['2.4.2.3']), ('C', ['2.4.2.3']), ('B', ['2.4.2.3']), ('E', ['2.4.2.3']), ('F', ['2.4.2.3'])]",P 21 21 21,14-OCT-07
2TRS,2.04,X-RAY DIFFRACTION,10.1021/BI9700429,"['IPL', 'NA', 'PLS']","{'A': ['P00929'], 'B': ['P0A2K1']}","['A', 'B']",9201907,"[('A', ['4.2.1.20']), ('B', ['4.2.1.20'])]",C 1 2 1,07-JAN-97
2TSY,2.5,X-RAY DIFFRACTION,10.1021/BI9700429,"['G3P', 'NA', 'PLS']","{'A': ['P00929'], 'B': ['P0A2K1']}","['A', 'B']",9201907,"[('A', ['4.2.1.20']), ('B', ['4.2.1.20'])]",C 1 2 1,03-JAN-97
2TYS,1.9,X-RAY DIFFRACTION,10.1021/BI9700429,"['PLT', 'NA']","{'A': ['P00929'], 'B': ['P0A2K1']}","['A', 'B']",9201907,"[('A', ['4.2.1.20']), ('B', ['4.2.1.20'])]",C 1 2 1,08-JAN-97
2V4N,1.7,X-RAY DIFFRACTION,10.1111/J.1742-4658.2008.06715.X,"['GOL', 'MG', 'PO4']",{'A': ['P66881']},['A'],19021761,"[('A', ['3.1.3.5', '3.1.3.6', '3.6.1.11'])]",F 2 2 2,26-SEP-08
2V4O,2.71,X-RAY DIFFRACTION,10.1111/J.1742-4658.2008.06715.X,"['GOL', 'PO4', 'MG']","{'A': ['P66881'], 'C': ['P66881'], 'B': ['P66881'], 'D': ['P66881']}","['A', 'C', 'B', 'D']",19021761,"[('A', ['3.1.3.5', '3.1.3.6', '3.1.3.11']), ('C', ['3.1.3.5', '3.1.3.6', '3.1.3.11']), ('B', ['3.1.3.5', '3.1.3.6', '3.1.3.11']), ('D', ['3.1.3.5', '3.1.3.6', '3.1.3.11'])]",C 1 2 1,26-SEP-08
2WFP,1.67,X-RAY DIFFRACTION,10.1107/S0907444909013328,['EDO'],{'A': ['P25081']},['A'],19564693,"[('A', ['5.3.1.8'])]",P 21 21 21,13-APR-09
2WSY,3.05,X-RAY DIFFRACTION,10.1021/BI9728957,"['PLP', 'NA']","{'A': ['P00929'], 'B': ['P0A2K1']}","['A', 'B']",9548921,"[('A', ['4.2.1.20']), ('B', ['4.2.1.20'])]",C 1 2 1,18-FEB-98
2XWP,1.9,X-RAY DIFFRACTION,10.1073/PNAS.1014298108,"['SIR', 'GOL']",{'A': ['Q05592']},['A'],21173279,"[('A', ['4.99.1.3'])]",P 63 2 2,04-NOV-10
3B5Y,4.5,X-RAY DIFFRACTION,10.1073/PNAS.0709388104,['ANP'],"{'A': ['P63359'], 'C': ['P63359'], 'B': ['P63359'], 'D': ['P63359']}","['A', 'C', 'B', 'D']",18024585,"[('A', ['3.6.3.-']), ('C', ['3.6.3.-']), ('B', ['3.6.3.-']), ('D', ['3.6.3.-'])]",C 1 2 1,26-OCT-07
3B5Z,4.2,X-RAY DIFFRACTION,10.1073/PNAS.0709388104,"['VO4', 'ADP']","{'A': ['P63359'], 'C': ['P63359'], 'B': ['P63359'], 'D': ['P63359']}","['A', 'C', 'B', 'D']",18024585,"[('A', ['3.6.3.-']), ('C', ['3.6.3.-']), ('B', ['3.6.3.-']), ('D', ['3.6.3.-'])]",C 1 2 1,26-OCT-07
3B60,3.7,X-RAY DIFFRACTION,10.1073/PNAS.0709388104,['ANP'],"{'A': ['P63359'], 'C': ['P63359'], 'B': ['P63359'], 'D': ['P63359']}","['A', 'C', 'B', 'D']",18024585,"[('A', ['3.6.3.-']), ('C', ['3.6.3.-']), ('B', ['3.6.3.-']), ('D', ['3.6.3.-'])]",C 1 2 1,26-OCT-07
3B8P,3.1,X-RAY DIFFRACTION,10.1038/NSMB.1374,['MSE'],"{'A': ['Q04866'], 'C': ['Q04866'], 'B': ['Q04866'], 'E': ['Q04866'], 'D': ['Q04866']}","['A', 'C', 'B', 'D', 'E']",18204465,,C 1 2 1,01-NOV-07
3C74,2.38,X-RAY DIFFRACTION,,['ANU'],"{'A': ['P0A1F6'], 'C': ['P0A1F6'], 'B': ['P0A1F6'], 'E': ['P0A1F6'], 'D': ['P0A1F6'], 'F': ['P0A1F6']}","['A', 'C', 'B', 'E', 'D', 'F']",,"[('A', ['2.4.2.3']), ('C', ['2.4.2.3']), ('B', ['2.4.2.3']), ('E', ['2.4.2.3']), ('D', ['2.4.2.3']), ('F', ['2.4.2.3'])]",P 21 21 21,06-FEB-08
3CEP,2.1,X-RAY DIFFRACTION,10.1002/CBIC.200700703,"['IDM', 'G3P', 'MH6', 'CS', 'PLP']","{'A': ['P00929'], 'B': ['P0A2K1']}","['A', 'B']",18351684,"[('A', ['4.2.1.20']), ('B', ['4.2.1.20'])]",C 1 2 1,29-FEB-08
3CWC,2.23,X-RAY DIFFRACTION,,"['CL', 'EDO', 'MSE']","{'A': ['Q8ZME0'], 'B': ['Q8ZME0']}","['A', 'B']",,,P 1 21 1,21-APR-08
3DDO,1.5,X-RAY DIFFRACTION,,['PO4'],"{'A': ['P0A1F6'], 'C': ['P0A1F6'], 'B': ['P0A1F6'], 'E': ['P0A1F6'], 'D': ['P0A1F6'], 'F': ['P0A1F6']}","['A', 'C', 'B', 'E', 'D', 'F']",,"[('A', ['2.4.2.3']), ('C', ['2.4.2.3']), ('B', ['2.4.2.3']), ('E', ['2.4.2.3']), ('D', ['2.4.2.3']), ('F', ['2.4.2.3'])]",P 21 21 21,06-JUN-08
3DPS,1.8,X-RAY DIFFRACTION,,['GOL'],"{'A': ['P0A1F6'], 'F': ['P0A1F6']}","['A', 'F']",,"[('A', ['2.4.2.3']), ('F', ['2.4.2.3'])]",H 3,09-JUL-08
3E7N,2.45,X-RAY DIFFRACTION,,"['MSE', 'EDO']","{'A': ['Q8ZKW0'], 'C': ['Q8ZKW0'], 'B': ['Q8ZKW0'], 'E': ['Q8ZKW0'], 'D': ['Q8ZKW0'], 'G': ['Q8ZKW0'], 'F': ['Q8ZKW0'], 'I': ['Q8ZKW0'], 'H': ['Q8ZKW0'], 'K': ['Q8ZKW0'], 'J': ['Q8ZKW0'], 'M': ['Q8ZKW0'], 'L': ['Q8ZKW0'], 'O': ['Q8ZKW0'], 'N': ['Q8ZKW0']}","['A', 'C', 'B', 'E', 'D', 'G', 'F', 'I', 'H', 'K', 'J', 'M', 'L', 'O', 'N']",,,C 1 2 1,18-AUG-08
3EC7,2.15,X-RAY DIFFRACTION,,"['NAD', 'ACY', 'EPE', 'MSE', 'K', 'EDO']","{'A': ['Q8ZK57'], 'C': ['Q8ZK57'], 'B': ['Q8ZK57'], 'E': ['Q8ZK57'], 'D': ['Q8ZK57'], 'G': ['Q8ZK57'], 'F': ['Q8ZK57'], 'H': ['Q8ZK57']}","['A', 'C', 'B', 'E', 'D', 'G', 'F', 'H']",,,P 1,29-AUG-08
3EMP,4.0,X-RAY DIFFRACTION,10.1021/BI801718D,,"{'A': ['P0A251'], 'C': ['P0A251'], 'B': ['P0A251'], 'E': ['P0A251'], 'D': ['P0A251']}","['A', 'C', 'B', 'D', 'E']",18986167,"[('A', ['1.11.1.15']), ('C', ['1.11.1.15']), ('B', ['1.11.1.15']), ('D', ['1.11.1.15']), ('E', ['1.11.1.15'])]",P 31 2 1,24-SEP-08
3FPK,1.7,X-RAY DIFFRACTION,,"['MG', 'CA', 'FAD']","{'A': ['Q8ZKP5'], 'B': ['Q8ZKP5']}","['A', 'B']",,"[('A', ['1.18.1.2']), ('B', ['1.18.1.2'])]",P 21 21 21,05-JAN-09
3FWP,1.86,X-RAY DIFFRACTION,10.1107/S0907444909044175,"['PO4', 'K', 'ANU']","{'A': ['P0A1F6'], 'C': ['P0A1F6'], 'B': ['P0A1F6'], 'E': ['P0A1F6'], 'D': ['P0A1F6'], 'F': ['PDB-F']}","['A', 'C', 'B', 'E', 'D', 'F']",20057049,"[('A', ['2.4.2.3']), ('C', ['2.4.2.3']), ('B', ['2.4.2.3']), ('E', ['2.4.2.3']), ('D', ['2.4.2.3']), ('F', ['2.4.2.3'])]",P 21 21 21,19-JAN-09
3G0S,1.85,X-RAY DIFFRACTION,,"['GOL', 'MG', 'CL']","{'A': ['Q8ZN71'], 'B': ['Q8ZN71']}","['A', 'B']",,"[('A', ['4.2.1.52']), ('B', ['4.2.1.52'])]",C 1 2 1,28-JAN-09
3G7Q,1.8,X-RAY DIFFRACTION,,"['CL', 'EDO', 'MSE']",{'A': ['Q8ZL86']},['A'],,"[('A', ['2.6.1.66'])]",P 61 2 2,10-FEB-09
3GA5,1.87,X-RAY DIFFRACTION,10.1111/J.1742-4658.2009.06945.X,"['SCN', 'RGG', 'NA', 'CA']","{'A': ['P23905'], 'B': ['P23905']}","['A', 'B']",19292879,,P 21 21 21,16-FEB-09
3GBP,2.4,X-RAY DIFFRACTION,,"['BGC', 'CA']",{'A': ['P23905']},['A'],1967096,,C 1 2 1,25-JAN-90
3GBX,1.8,X-RAY DIFFRACTION,,"['ACT', 'MSE']","{'A': ['P0A2E1'], 'B': ['P0A2E1']}","['A', 'B']",,"[('A', ['2.1.2.1']), ('B', ['2.1.2.1'])]",P 1 21 1,20-FEB-09
3GC2,1.85,X-RAY DIFFRACTION,,"['EPE', 'CL', 'NA', 'MSE', 'SIN']",{'A': ['P58486']},['A'],,"[('A', ['4.2.1.113'])]",P 43 21 2,21-FEB-09
3GHZ,2.03,X-RAY DIFFRACTION,,"['GOL', 'MG', 'POP']","{'A': ['Q8ZMF7'], 'C': ['Q8ZMF7'], 'B': ['Q8ZMF7']}","['A', 'B', 'C']",,"[('A', ['4.6.1.12']), ('B', ['4.6.1.12']), ('C', ['4.6.1.12'])]",I 2 3,04-MAR-09
3GOA,1.7,X-RAY DIFFRACTION,,"['CL', 'NA', 'MSE', 'CA']","{'A': ['P0A2H7'], 'B': ['P0A2H7']}","['A', 'B']",,"[('A', ['2.3.1.16']), ('B', ['2.3.1.16'])]",P 1 21 1,18-MAR-09
3H02,2.15,X-RAY DIFFRACTION,,"['BCT', 'MSE', 'SO4']","{'A': ['Q7CQ56'], 'C': ['Q7CQ56'], 'B': ['Q7CQ56'], 'E': ['Q7CQ56'], 'D': ['Q7CQ56'], 'F': ['Q7CQ56']}","['A', 'C', 'B', 'E', 'D', 'F']",,"[('A', ['4.1.3.36']), ('C', ['4.1.3.36']), ('B', ['4.1.3.36']), ('E', ['4.1.3.36']), ('D', ['4.1.3.36']), ('F', ['4.1.3.36'])]",P 21 21 21,08-APR-09
3H0P,2.0,X-RAY DIFFRACTION,,"['SO4', 'MSE']","{'A': ['O85140'], 'B': ['O85140']}","['A', 'B']",,"[('A', ['2.3.1.39']), ('B', ['2.3.1.39'])]",P 1 21 1,10-APR-09
3H1M,2.5,X-RAY DIFFRACTION,,"['ZN', 'EDO']",{'A': ['P25081']},['A'],,"[('A', ['5.3.1.8'])]",P 21 21 21,13-APR-09
3H1W,1.94,X-RAY DIFFRACTION,,"['ZN', 'EDO', 'Y1']",{'A': ['P25081']},['A'],,"[('A', ['5.3.1.8'])]",P 21 21 21,14-APR-09
3H1Y,2.04,X-RAY DIFFRACTION,,"['ZN', 'F6P', 'EDO']",{'A': ['P25081']},['A'],,"[('A', ['5.3.1.8'])]",P 21 21 21,14-APR-09
3HMQ,1.9,X-RAY DIFFRACTION,,"['SO4', 'NAD', 'MSE']",{'A': ['Q8ZPU5']},['A'],,"[('A', ['6.3.1.5'])]",P 31 2 1,29-MAY-09
3HYQ,1.52,X-RAY DIFFRACTION,,['MSE'],{'A': ['Q8ZM82']},['A'],,"[('A', ['5.3.3.2'])]",C 1 2 1,22-JUN-09
3I12,2.2,X-RAY DIFFRACTION,,['ADP'],"{'A': ['P0A1F0'], 'C': ['P0A1F0'], 'B': ['P0A1F0'], 'D': ['P0A1F0']}","['A', 'C', 'B', 'D']",,"[('A', ['6.3.2.4']), ('C', ['6.3.2.4']), ('B', ['6.3.2.4']), ('D', ['6.3.2.4'])]",P 21 21 21,25-JUN-09
3IAC,2.22,X-RAY DIFFRACTION,,"['CL', 'MSE']","{'A': ['Q8ZM23'], 'C': ['Q8ZM23'], 'B': ['Q8ZM23']}","['A', 'C', 'B']",,"[('A', ['5.3.1.12']), ('C', ['5.3.1.12']), ('B', ['5.3.1.12'])]",P 42 21 2,13-JUL-09
3IGS,1.5,X-RAY DIFFRACTION,,"['SO4', 'CL', '16G', 'MSE']","{'A': ['Q8ZLQ7'], 'B': ['Q8ZLQ7']}","['A', 'B']",,"[('A', ['5.1.3.9']), ('B', ['5.1.3.9'])]",C 1 2 1,28-JUL-09
3IR4,1.2,X-RAY DIFFRACTION,,"['SO4', 'CL', 'GSH', 'MSE']",{'A': ['Q7CQR3']},['A'],,,P 21 21 21,21-AUG-09
3JYR,1.75,X-RAY DIFFRACTION,10.1016/J.JMB.2010.01.054,['ACR'],{'A': ['P19576']},['A'],20132828,,C 1 2 1,22-SEP-09
3JZE,1.8,X-RAY DIFFRACTION,,"['ACY', 'PGE', 'ZN', 'CL', 'PG4', 'BME', 'KCX']","{'A': ['P06204'], 'C': ['P06204'], 'B': ['P06204'], 'D': ['P06204']}","['C', 'A', 'B', 'D']",,"[('C', ['3.5.2.3']), ('A', ['3.5.2.3']), ('B', ['3.5.2.3']), ('D', ['3.5.2.3'])]",P 1 21 1,23-SEP-09
3KBO,2.14,X-RAY DIFFRACTION,,"['MSE', 'EPE', 'CL', 'NDB', 'NDP']","{'A': ['Q8ZQ30'], 'C': ['Q8ZQ30'], 'B': ['Q8ZQ30'], 'D': ['Q8ZQ30']}","['A', 'C', 'B', 'D']",,"[('A', ['1.1.1.79', '1.1.1.81']), ('C', ['1.1.1.79', '1.1.1.81']), ('B', ['1.1.1.79', '1.1.1.81']), ('D', ['1.1.1.79', '1.1.1.81'])]",C 1 2 1,20-OCT-09
3L2I,1.85,X-RAY DIFFRACTION,10.1021/BI102020S,['MG'],"{'A': ['P58687'], 'B': ['P58687']}","['A', 'B']",21291284,"[('A', ['4.2.1.10']), ('B', ['4.2.1.10'])]",P 21 21 21,15-DEC-09
3L9S,1.58,X-RAY DIFFRACTION,10.1074/JBC.M110.101360,,{'A': ['P0A2H9']},['A'],20233716,"[('A', ['5.3.4.1'])]",P 1 21 1,05-JAN-10
3LB0,1.65,X-RAY DIFFRACTION,,"['CIT', 'TRS', 'FMT']","{'A': ['P58687'], 'B': ['P58687']}","['A', 'B']",,"[('A', ['4.2.1.10']), ('B', ['4.2.1.10'])]",P 1,07-JAN-10
3LQU,2.52,X-RAY DIFFRACTION,10.1002/PROT.22837,['5SP'],"{'A': ['P66032'], 'B': ['P66032']}","['A', 'B']",20806221,"[('A', ['4.1.99.12']), ('B', ['4.1.99.12'])]",C 2 2 21,10-FEB-10
3LRJ,2.8,X-RAY DIFFRACTION,10.1002/PROT.22837,['SO4'],"{'A': ['P66032'], 'C': ['P66032'], 'B': ['P66032'], 'D': ['P66032']}","['A', 'C', 'B', 'D']",20806221,"[('A', ['4.1.99.12']), ('C', ['4.1.99.12']), ('B', ['4.1.99.12']), ('D', ['4.1.99.12'])]",P 1,11-FEB-10
3LS6,1.86,X-RAY DIFFRACTION,10.1002/PROT.22837,"['SO4', 'GOL', 'MG', 'ZN']","{'A': ['P66032'], 'B': ['P66032']}","['B', 'A']",20806221,"[('B', ['4.1.99.12']), ('A', ['4.1.99.12'])]",C 2 2 21,12-FEB-10
3M7W,1.95,X-RAY DIFFRACTION,10.1074/JBC.M110.192831,"['GOL', 'DQA']","{'A': ['P58687'], 'C': ['P58687'], 'B': ['P58687'], 'E': ['P58687'], 'D': ['P58687'], 'F': ['P58687']}","['A', 'C', 'B', 'E', 'D', 'F']",21087925,"[('A', ['4.2.1.10']), ('C', ['4.2.1.10']), ('B', ['4.2.1.10']), ('E', ['4.2.1.10']), ('D', ['4.2.1.10']), ('F', ['4.2.1.10'])]",C 1 2 1,17-MAR-10
3MGA,2.4,X-RAY DIFFRACTION,,"['MSE', 'PEG', 'NA', 'GOL', 'CL', 'MG']","{'A': ['Q8ZR39'], 'B': ['Q8ZR39']}","['A', 'B']",,,P 1 21 1,05-APR-10
3MK3,3.57,X-RAY DIFFRACTION,10.1107/S0907444910053370,['SO4'],"{'1': ['P66038'], '3': ['P66038'], '2': ['P66038'], '5': ['P66038'], '4': ['P66038'], '7': ['P66038'], '6': ['P66038'], '9': ['P66038'], '8': ['P66038'], 'A': ['P66038'], 'C': ['P66038'], 'B': ['P66038'], 'E': ['P66038'], 'D': ['P66038'], 'G': ['P66038'], 'F': ['P66038'], 'I': ['P66038'], 'H': ['P66038'], 'K': ['P66038'], 'J': ['P66038'], 'M': ['P66038'], 'L': ['P66038'], 'O': ['P66038'], 'N': ['P66038'], 'Q': ['P66038'], 'P': ['P66038'], 'S': ['P66038'], 'R': ['P66038'], 'U': ['P66038'], 'T': ['P66038'], 'W': ['P66038'], 'V': ['P66038'], 'Y': ['P66038'], 'X': ['P66038'], 'Z': ['P66038'], 'a': ['P66038'], 'c': ['P66038'], 'b': ['P66038'], 'e': ['P66038'], 'd': ['P66038'], 'g': ['P66038'], 'f': ['P66038'], 'i': ['P66038'], 'h': ['P66038'], 'k': ['P66038'], 'j': ['P66038'], 'm': ['P66038'], 'l': ['P66038'], 'o': ['P66038'], 'n': ['P66038'], 'q': ['P66038'], 'p': ['P66038'], 's': ['P66038'], 'r': ['P66038'], 'u': ['P66038'], 't': ['P66038'], 'w': ['P66038'], 'v': ['P66038'], 'y': ['P66038'], 'x': ['P66038']}","['v', 'V', 'l', 'Y', 'o', 'X', '1', '3', '5', '7', '6', '9', '4', 'A', 'C', 'B', 'E', 'D', 'G', 'F', 'I', 'H', 'K', 'J', 'M', 'L', 'O', 'N', 'Q', 'P', 'R', 'U', 'W', '2', 'Z', 'a', 'c', 'b', 'e', 'd', 'g', 'f', 'i', 'k', 'j', 'm', 'S', 'T', 'n', 'q', 'p', 's', 'r', 'u', 't', 'w', 'h', 'y', 'x', '8']",21245535,"[('v', ['2.5.1.78']), ('V', ['2.5.1.78']), ('l', ['2.5.1.78']), ('Y', ['2.5.1.78']), ('o', ['2.5.1.78']), ('X', ['2.5.1.78']), ('1', ['2.5.1.78']), ('3', ['2.5.1.78']), ('5', ['2.5.1.78']), ('7', ['2.5.1.78']), ('6', ['2.5.1.78']), ('9', ['2.5.1.78']), ('4', ['2.5.1.78']), ('A', ['2.5.1.78']), ('C', ['2.5.1.78']), ('B', ['2.5.1.78']), ('E', ['2.5.1.78']), ('D', ['2.5.1.78']), ('G', ['2.5.1.78']), ('F', ['2.5.1.78']), ('I', ['2.5.1.78']), ('H', ['2.5.1.78']), ('K', ['2.5.1.78']), ('J', ['2.5.1.78']), ('M', ['2.5.1.78']), ('L', ['2.5.1.78']), ('O', ['2.5.1.78']), ('N', ['2.5.1.78']), ('Q', ['2.5.1.78']), ('P', ['2.5.1.78']), ('R', ['2.5.1.78']), ('U', ['2.5.1.78']), ('W', ['2.5.1.78']), ('2', ['2.5.1.78']), ('Z', ['2.5.1.78']), ('a', ['2.5.1.78']), ('c', ['2.5.1.78']), ('b', ['2.5.1.78']), ('e', ['2.5.1.78']), ('d', ['2.5.1.78']), ('g', ['2.5.1.78']), ('f', ['2.5.1.78']), ('i', ['2.5.1.78']), ('k', ['2.5.1.78']), ('j', ['2.5.1.78']), ('m', ['2.5.1.78']), ('S', ['2.5.1.78']), ('T', ['2.5.1.78']), ('n', ['2.5.1.78']), ('q', ['2.5.1.78']), ('p', ['2.5.1.78']), ('s', ['2.5.1.78']), ('r', ['2.5.1.78']), ('u', ['2.5.1.78']), ('t', ['2.5.1.78']), ('w', ['2.5.1.78']), ('h', ['2.5.1.78']), ('y', ['2.5.1.78']), ('x', ['2.5.1.78']), ('8', ['2.5.1.78'])]",P 1 21 1,14-APR-10
3MUE,2.7,X-RAY DIFFRACTION,,"['EOH', 'ACY', 'GOL', 'SO4']","{'A': ['Q8ZRR1'], 'C': ['Q8ZRR1'], 'B': ['Q8ZRR1'], 'D': ['Q8ZRR1']}","['A', 'C', 'B', 'D']",,"[('A', ['6.3.2.1']), ('C', ['6.3.2.1']), ('B', ['6.3.2.1']), ('D', ['6.3.2.1'])]",C 1 2 1,03-MAY-10
3N77,1.86,X-RAY DIFFRACTION,,,"{'A': ['Q8ZNF5'], 'B': ['Q8ZNF5']}","['A', 'B']",,"[('A', ['3.6.1.-']), ('B', ['3.6.1.-'])]",P 1 21 1,26-MAY-10
3NA5,1.7,X-RAY DIFFRACTION,10.1002/PROT.22957,"['MG', 'BTB', 'CSS']","{'A': ['Q8ZQW9'], 'B': ['Q8ZQW9']}","['A', 'B']",21246636,"[('A', ['5.4.2.2']), ('B', ['5.4.2.2'])]",P 21 21 21,01-JUN-10
3NCY,3.2,X-RAY DIFFRACTION,10.1038/NATURE08201,,"{'A': ['P60066'], 'C': ['P60066'], 'B': ['P60066'], 'D': ['P60066'], 'Q': ['PDB-Q'], 'P': ['PDB-P'], 'S': ['PDB-S'], 'W': ['PDB-W']}","['A', 'C', 'B', 'D', 'Q', 'P', 'S', 'W']",19578361,,P 1,06-JUN-10
3NNT,1.6,X-RAY DIFFRACTION,10.1074/JBC.M110.192831,['DQA'],"{'A': ['P58687'], 'B': ['P58687']}","['A', 'B']",21087925,"[('A', ['4.2.1.10']), ('B', ['4.2.1.10'])]",P 1,24-JUN-10
3NQ4,3.5,X-RAY DIFFRACTION,,['SO4'],"{'1': ['P66038'], '3': ['P66038'], '2': ['P66038'], '4': ['P66038'], 'A': ['P66038'], 'C': ['P66038'], 'B': ['P66038'], 'E': ['P66038'], 'D': ['P66038'], 'G': ['P66038'], 'F': ['P66038'], 'I': ['P66038'], 'H': ['P66038'], 'K': ['P66038'], 'J': ['P66038'], 'M': ['P66038'], 'L': ['P66038'], 'O': ['P66038'], 'N': ['P66038'], 'Q': ['P66038'], 'P': ['P66038'], 'S': ['P66038'], 'R': ['P66038'], 'U': ['P66038'], 'T': ['P66038'], 'W': ['P66038'], 'V': ['P66038'], 'Y': ['P66038'], 'X': ['P66038'], 'Z': ['P66038']}","['V', 'Y', 'X', '1', '3', '4', 'A', 'C', 'B', 'E', 'D', 'G', 'F', 'I', 'H', 'K', 'J', 'M', 'L', 'O', 'N', 'Q', 'P', 'R', 'U', 'W', '2', 'Z', 'S', 'T']",,"[('V', ['2.5.1.78']), ('Y', ['2.5.1.78']), ('X', ['2.5.1.78']), ('1', ['2.5.1.78']), ('3', ['2.5.1.78']), ('4', ['2.5.1.78']), ('A', ['2.5.1.78']), ('C', ['2.5.1.78']), ('B', ['2.5.1.78']), ('E', ['2.5.1.78']), ('D', ['2.5.1.78']), ('G', ['2.5.1.78']), ('F', ['2.5.1.78']), ('I', ['2.5.1.78']), ('H', ['2.5.1.78']), ('K', ['2.5.1.78']), ('J', ['2.5.1.78']), ('M', ['2.5.1.78']), ('L', ['2.5.1.78']), ('O', ['2.5.1.78']), ('N', ['2.5.1.78']), ('Q', ['2.5.1.78']), ('P', ['2.5.1.78']), ('R', ['2.5.1.78']), ('U', ['2.5.1.78']), ('W', ['2.5.1.78']), ('2', ['2.5.1.78']), ('Z', ['2.5.1.78']), ('S', ['2.5.1.78']), ('T', ['2.5.1.78'])]",I 1 2 1,29-JUN-10
3NSG,2.79,X-RAY DIFFRACTION,10.1016/J.JSB.2012.04.005,"['MSE', 'FLC', 'LDA', 'TAM', 'GOL', 'SO4', 'TLA']","{'A': ['P37432'], 'C': ['P37432'], 'B': ['P37432']}","['A', 'C', 'B']",22525817,,P 21 21 21,01-JUL-10
3O1N,1.03,X-RAY DIFFRACTION,10.1021/BI102020S,"['MG', 'CL']","{'A': ['P58687'], 'B': ['P58687']}","['A', 'B']",21291284,"[('A', ['4.2.1.10']), ('B', ['4.2.1.10'])]",P 1,21-JUL-10
3O8J,2.41,X-RAY DIFFRACTION,10.1016/J.JSB.2010.10.008,['GOL'],"{'A': ['Q56063'], 'C': ['Q56063'], 'B': ['Q56063'], 'E': ['Q56063'], 'D': ['Q56063'], 'G': ['Q56063'], 'F': ['Q56063'], 'I': ['Q56063'], 'H': ['Q56063'], 'J': ['Q56063']}","['A', 'C', 'B', 'E', 'D', 'G', 'F', 'I', 'H', 'J']",20970504,"[('A', ['2.3.3.5']), ('C', ['2.3.3.5']), ('B', ['2.3.3.5']), ('E', ['2.3.3.5']), ('D', ['2.3.3.5']), ('G', ['2.3.3.5']), ('F', ['2.3.3.5']), ('I', ['2.3.3.5']), ('H', ['2.3.3.5']), ('J', ['2.3.3.5'])]",P 1,03-AUG-10
3OET,2.36,X-RAY DIFFRACTION,,"['NAD', 'MSE']","{'A': ['P60802'], 'C': ['P60802'], 'B': ['P60802'], 'E': ['P60802'], 'D': ['P60802'], 'G': ['P60802'], 'F': ['P60802'], 'H': ['P60802']}","['A', 'C', 'B', 'E', 'D', 'G', 'F', 'H']",,"[('A', ['1.1.1.290']), ('C', ['1.1.1.290']), ('B', ['1.1.1.290']), ('E', ['1.1.1.290']), ('D', ['1.1.1.290']), ('G', ['1.1.1.290']), ('F', ['1.1.1.290']), ('H', ['1.1.1.290'])]",P 1 21 1,13-AUG-10
3OEX,1.9,X-RAY DIFFRACTION,10.1021/BI102020S,['CL'],"{'A': ['P58687'], 'C': ['P58687'], 'B': ['P58687'], 'D': ['P58687']}","['A', 'C', 'B', 'D']",21291284,"[('A', ['4.2.1.10']), ('C', ['4.2.1.10']), ('B', ['4.2.1.10']), ('D', ['4.2.1.10'])]",P 1 21 1,13-AUG-10
3OGA,1.75,X-RAY DIFFRACTION,,"['BME', 'PO4']","{'A': ['Q8ZNF5'], 'B': ['Q8ZNF5']}","['A', 'B']",,"[('A', ['3.6.1.-']), ('B', ['3.6.1.-'])]",P 21 21 21,16-AUG-10
3OLP,1.95,X-RAY DIFFRACTION,10.1002/PROT.22957,"['MG', 'PO4']","{'A': ['Q8ZQW9'], 'B': ['Q8ZQW9']}","['A', 'B']",21246636,"[('A', ['5.4.2.2']), ('B', ['5.4.2.2'])]",P 1 21 1,26-AUG-10
3PKP,2.6,X-RAY DIFFRACTION,10.1074/JBC.M110.206433,"['DTP', 'MG']","{'A': ['P26393'], 'C': ['P26393'], 'B': ['P26393'], 'D': ['P26393'], 'I': ['P26393'], 'K': ['P26393'], 'J': ['P26393'], 'L': ['P26393']}","['A', 'C', 'B', 'D', 'I', 'K', 'J', 'L']",21317292,"[('A', ['2.7.7.24']), ('C', ['2.7.7.24']), ('B', ['2.7.7.24']), ('D', ['2.7.7.24']), ('I', ['2.7.7.24']), ('K', ['2.7.7.24']), ('J', ['2.7.7.24']), ('L', ['2.7.7.24'])]",P 21 21 21,11-NOV-10
3PKQ,2.4,X-RAY DIFFRACTION,10.1074/JBC.M110.206433,"['PEG', 'DGT', 'MG']","{'A': ['P26393'], 'C': ['P26393'], 'B': ['P26393'], 'D': ['P26393']}","['A', 'C', 'B', 'D']",21317292,"[('A', ['2.7.7.24']), ('C', ['2.7.7.24']), ('B', ['2.7.7.24']), ('D', ['2.7.7.24'])]",P 41,11-NOV-10
3PP8,2.1,X-RAY DIFFRACTION,,['MSE'],{'A': ['Q8ZQ30']},['A'],,"[('A', ['1.1.1.79', '1.1.1.81'])]",C 2 2 21,24-NOV-10
3PR2,1.85,X-RAY DIFFRACTION,10.1021/JA106555C,"['7MN', 'CS', 'F9F']","{'A': ['P00929'], 'B': ['P0A2K1']}","['A', 'B']",21142052,"[('A', ['4.2.1.20']), ('B', ['4.2.1.20'])]",C 1 2 1,29-NOV-10
3Q1K,2.2,X-RAY DIFFRACTION,,"['MSE', 'GOL', 'ADP', 'FMT', 'SO4', 'MG']","{'A': ['P0A1F0'], 'C': ['P0A1F0'], 'B': ['P0A1F0'], 'D': ['P0A1F0']}","['A', 'C', 'B', 'D']",,"[('A', ['6.3.2.4']), ('C', ['6.3.2.4']), ('B', ['6.3.2.4']), ('D', ['6.3.2.4'])]",P 21 21 21,17-DEC-10
3Q7K,2.8,X-RAY DIFFRACTION,10.1126/SCIENCE.1199098,['FMT'],"{'A': ['Q7CQU0'], 'C': ['Q7CQU0'], 'B': ['Q7CQU0'], 'E': ['Q7CQU0'], 'D': ['Q7CQU0'], 'G': ['Q7CQU0'], 'I': ['Q7CQU0'], 'H': ['Q7CQU0'], 'K': ['Q7CQU0'], 'J': ['Q7CQU0']}","['K', 'A', 'C', 'B', 'E', 'D', 'G', 'I', 'H', 'J']",21493860,,P 1 21 1,05-JAN-11
3QM2,2.25,X-RAY DIFFRACTION,,['CA'],"{'A': ['P55900'], 'B': ['P55900']}","['A', 'B']",,"[('A', ['2.6.1.52']), ('B', ['2.6.1.52'])]",P 1 21 1,03-FEB-11
3QY1,1.54,X-RAY DIFFRACTION,,['ZN'],"{'A': ['Q8ZRS0'], 'B': ['Q8ZRS0']}","['A', 'B']",,"[('A', ['4.2.1.1']), ('B', ['4.2.1.1'])]",C 1 2 1,02-MAR-11
3R0X,1.93,X-RAY DIFFRACTION,10.1111/J.1742-4658.2011.08210.X,"['SO4', 'EDO', 'NA', 'MSE']",{'A': ['Q8ZL08']},['A'],21668644,"[('A', ['4.3.1.18'])]",P 21 21 2,09-MAR-11
3R0Z,2.4,X-RAY DIFFRACTION,10.1111/J.1742-4658.2011.08210.X,"['SO4', 'EDO']",{'A': ['Q8ZL08']},['A'],21668644,"[('A', ['4.3.1.18'])]",C 1 2 1,09-MAR-11
3S42,1.45,X-RAY DIFFRACTION,,"['DMS', 'NI', 'MLA', 'IMD', 'BO3']","{'A': ['P58687'], 'B': ['P58687']}","['A', 'B']",,"[('A', ['4.2.1.10']), ('B', ['4.2.1.10'])]",P 21 21 21,18-MAY-11
3SK3,1.9,X-RAY DIFFRACTION,10.1186/1472-6807-12-24,"['CIT', 'EDO']","{'A': ['P63411'], 'B': ['P63411']}","['A', 'B']",23031654,"[('A', ['2.7.2.1']), ('B', ['2.7.2.1'])]",C 1 2 1,22-JUN-11
3SLC,2.7,X-RAY DIFFRACTION,10.1186/1472-6807-12-24,['EDO'],"{'A': ['P63411'], 'C': ['P63411'], 'B': ['P63411'], 'D': ['P63411']}","['A', 'C', 'B', 'D']",23031654,"[('A', ['2.7.2.1']), ('C', ['2.7.2.1']), ('B', ['2.7.2.1']), ('D', ['2.7.2.1'])]",C 1 2 1,24-JUN-11
3T4E,1.95,X-RAY DIFFRACTION,,"['NAD', 'PO4']","{'A': ['Q8ZPR4'], 'B': ['Q8ZPR4']}","['A', 'B']",,"[('A', ['1.1.1.282']), ('B', ['1.1.1.282'])]",P 1 21 1,25-JUL-11
3T80,2.5,X-RAY DIFFRACTION,,"['CTN', 'POP', 'ZN', 'MG', 'EDO']","{'A': ['Q8ZMF7'], 'C': ['Q8ZMF7'], 'B': ['Q8ZMF7'], 'E': ['Q8ZMF7'], 'D': ['Q8ZMF7'], 'F': ['Q8ZMF7']}","['C', 'A', 'B', 'E', 'D', 'F']",,"[('C', ['4.6.1.12']), ('A', ['4.6.1.12']), ('B', ['4.6.1.12']), ('E', ['4.6.1.12']), ('D', ['4.6.1.12']), ('F', ['4.6.1.12'])]",C 1 2 1,31-JUL-11
3UGJ,1.78,X-RAY DIFFRACTION,10.1107/S0907444912006543,"['SO4', 'MG', 'ADP']",{'A': ['P74881']},['A'],22683785,"[('A', ['6.3.5.3'])]",P 65,02-NOV-11
3UJN,2.98,X-RAY DIFFRACTION,10.1107/S0907444912006543,"['SO4', 'MG', 'CYG', 'ADP']",{'A': ['P74881']},['A'],22683785,"[('A', ['6.3.5.3'])]",P 65,08-NOV-11
3UMM,3.2,X-RAY DIFFRACTION,10.1107/S0907444912006543,"['SO4', 'MG', 'ADP', 'CYG', 'ANP']",{'A': ['P74881']},['A'],22683785,"[('A', ['6.3.5.3'])]",P 65,14-NOV-11
4C3O,3.2,X-RAY DIFFRACTION,10.1042/BJ20131520,"['SF4', 'F3S', 'CL', 'F4S', 'NFU', 'SO4', 'MG']","{'A': ['Q8ZPH0'], 'C': ['Q8ZPH0'], 'B': ['Q8ZPG9'], 'E': ['Q8ZPH0'], 'D': ['Q8ZPG9'], 'F': ['Q8ZPG9']}","['D', 'F', 'A', 'C', 'B', 'E']",24428762,"[('D', ['1.12.7.2']), ('F', ['1.12.7.2']), ('A', ['1.12.7.2']), ('C', ['1.12.7.2']), ('B', ['1.12.7.2']), ('E', ['1.12.7.2'])]",I 1 2 1,26-AUG-13
4E1V,2.15,X-RAY DIFFRACTION,10.1107/S090744491201815X,"['GOL', 'URF', 'K', 'EDO']","{'A': ['P0A1F6'], 'C': ['P0A1F6'], 'B': ['P0A1F6'], 'E': ['P0A1F6'], 'D': ['P0A1F6'], 'G': ['P0A1F6'], 'F': ['P0A1F6'], 'I': ['P0A1F6'], 'H': ['P0A1F6']}","['C', 'A', 'B', 'E', 'D', 'G', 'F', 'I', 'H']",22868762,"[('C', ['2.4.2.3']), ('A', ['2.4.2.3']), ('B', ['2.4.2.3']), ('E', ['2.4.2.3']), ('D', ['2.4.2.3']), ('G', ['2.4.2.3']), ('F', ['2.4.2.3']), ('I', ['2.4.2.3']), ('H', ['2.4.2.3'])]",C 1 2 1,07-MAR-12
4E29,1.6,X-RAY DIFFRACTION,10.1074/JBC.M112.354837,['MSE'],"{'A': ['P37792', 'Q04866'], 'B': ['P37792', 'Q04866']}","['A', 'B']",22437828,,I 4 2 2,07-MAR-12
4E2C,2.8,X-RAY DIFFRACTION,10.1074/JBC.M112.354837,,"{'A': ['P37792', 'Q04866'], 'B': ['P37792', 'Q04866']}","['A', 'B']",22437828,,I 4 2 2,08-MAR-12
4FWK,2.8,X-RAY DIFFRACTION,10.1016/J.BBAPAP.2013.05.020,"['EDO', 'AMP']",{'A': ['O06961']},['A'],23747922,"[('A', ['2.7.2.15'])]",P 31 2 1,01-JUL-12
4FWL,2.4,X-RAY DIFFRACTION,10.1016/J.BBAPAP.2013.05.020,"['EDO', 'PO4']",{'A': ['O06961']},['A'],23747922,"[('A', ['2.7.2.15'])]",P 31 2 1,01-JUL-12
4FWM,2.95,X-RAY DIFFRACTION,10.1016/J.BBAPAP.2013.05.020,"['EDO', 'ATP']",{'A': ['O06961']},['A'],23747922,"[('A', ['2.7.2.15'])]",P 31 2 1,01-JUL-12
4FWN,3.0,X-RAY DIFFRACTION,10.1016/J.BBAPAP.2013.05.020,"['EDO', 'AQP']",{'A': ['O06961']},['A'],23747922,"[('A', ['2.7.2.15'])]",P 31 2 1,01-JUL-12
4FWO,2.9,X-RAY DIFFRACTION,10.1016/J.BBAPAP.2013.05.020,"['5GP', 'EDO']",{'A': ['O06961']},['A'],23747922,"[('A', ['2.7.2.15'])]",P 31 2 1,01-JUL-12
4FWP,2.5,X-RAY DIFFRACTION,10.1016/J.BBAPAP.2013.05.020,"['GDP', 'EDO']",{'A': ['O06961']},['A'],23747922,"[('A', ['2.7.2.15'])]",P 31 2 1,01-JUL-12
4FWQ,2.65,X-RAY DIFFRACTION,10.1016/J.BBAPAP.2013.05.020,"['EDO', 'GTP']",{'A': ['O06961']},['A'],23747922,"[('A', ['2.7.2.15'])]",P 31 2 1,01-JUL-12
4FWR,3.0,X-RAY DIFFRACTION,10.1016/J.BBAPAP.2013.05.020,"['C5P', 'EDO']",{'A': ['O06961']},['A'],23747922,"[('A', ['2.7.2.15'])]",P 31 2 1,01-JUL-12
4FWS,2.69,X-RAY DIFFRACTION,10.1016/J.BBAPAP.2013.05.020,"['EDO', 'CTP']",{'A': ['O06961']},['A'],23747922,"[('A', ['2.7.2.15'])]",P 31 2 1,01-JUL-12
4G9O,2.12,X-RAY DIFFRACTION,10.1371/JOURNAL.PONE.0055978,"['MG', 'EDO']","{'A': ['P66881'], 'B': ['P66881']}","['A', 'B']",23409101,"[('A', ['3.1.3.5', '3.1.3.6', '3.6.1.11']), ('B', ['3.1.3.5', '3.1.3.6', '3.6.1.11'])]",C 2 2 21,24-JUL-12
4GAD,2.35,X-RAY DIFFRACTION,10.1371/JOURNAL.PONE.0055978,"['GOL', 'MG']","{'A': ['P66881'], 'B': ['P66881']}","['A', 'B']",23409101,"[('A', ['3.1.3.5', '3.1.3.6', '3.6.1.11']), ('B', ['3.1.3.5', '3.1.3.6', '3.6.1.11'])]",C 2 2 21,25-JUL-12
4GFS,1.8,X-RAY DIFFRACTION,,"['NI', 'SIN']","{'A': ['P58687'], 'B': ['P58687']}","['A', 'B']",,"[('A', ['4.2.1.10']), ('B', ['4.2.1.10'])]",P 1 21 1,03-AUG-12
4GUF,1.5,X-RAY DIFFRACTION,10.1002/PRO.2218,['CL'],"{'A': ['P58687'], 'B': ['P58687']}","['A', 'B']",23341204,"[('A', ['4.2.1.10']), ('B', ['4.2.1.10'])]",P 1,29-AUG-12
4GUG,1.62,X-RAY DIFFRACTION,10.1002/PRO.2218,"['CL', '3DS']","{'A': ['P58687'], 'B': ['P58687']}","['A', 'B']",23341204,"[('A', ['4.2.1.10']), ('B', ['4.2.1.10'])]",P 1 21 1,29-AUG-12
4GUH,1.95,X-RAY DIFFRACTION,10.1002/PRO.2218,"['NI', '3DS']","{'A': ['P58687'], 'B': ['P58687']}","['A', 'B']",23341204,"[('A', ['4.2.1.10']), ('B', ['4.2.1.10'])]",P 21 21 21,29-AUG-12
4GUI,1.78,X-RAY DIFFRACTION,10.1021/BI4015506,"['NI', 'QIC']","{'A': ['P58687'], 'B': ['P58687']}","['A', 'B']",24437575,"[('A', ['4.2.1.10']), ('B', ['4.2.1.10'])]",P 1 21 1,29-AUG-12
4GUJ,1.5,X-RAY DIFFRACTION,10.1021/BI4015506,"['ZN', 'SKM']","{'A': ['P58687'], 'B': ['P58687']}","['A', 'B']",24437575,"[('A', ['4.2.1.10']), ('B', ['4.2.1.10'])]",P 1 21 1,29-AUG-12
4GVF,1.35,X-RAY DIFFRACTION,10.1016/J.CHEMBIOL.2012.09.016,"['NAG', 'NDG', 'MES']","{'A': ['Q8ZQ06'], 'B': ['Q8ZQ06']}","['A', 'B']",23177201,"[('A', ['3.2.1.52']), ('B', ['3.2.1.52'])]",P 1 21 1,30-AUG-12
4GVG,1.7,X-RAY DIFFRACTION,10.1016/J.CHEMBIOL.2012.09.016,['MES'],"{'A': ['Q8ZQ06'], 'B': ['Q8ZQ06']}","['A', 'B']",23177201,"[('A', ['3.2.1.52']), ('B', ['3.2.1.52'])]",P 1 21 1,30-AUG-12
4GVH,1.45,X-RAY DIFFRACTION,10.1016/J.CHEMBIOL.2012.09.016,"['0XY', 'MES']","{'A': ['Q8ZQ06'], 'B': ['Q8ZQ06']}","['A', 'B']",23177201,"[('A', ['3.2.1.52']), ('B', ['3.2.1.52'])]",P 1 21 1,30-AUG-12
4GVI,1.55,X-RAY DIFFRACTION,10.1016/J.CHEMBIOL.2012.09.016,"['AH0', 'NAG', 'MES']","{'A': ['Q8ZQ06'], 'B': ['Q8ZQ06']}","['A', 'B']",23177201,"[('A', ['3.2.1.52']), ('B', ['3.2.1.52'])]",P 1 21 1,30-AUG-12
4HN4,1.64,X-RAY DIFFRACTION,10.1021/BI400795E,"['BCN', 'PEG', '0JO', 'F9F', 'CS']","{'A': ['P00929'], 'B': ['P0A2K1']}","['A', 'B']",23952479,"[('A', ['4.2.1.20']), ('B', ['4.2.1.20'])]",C 1 2 1,18-OCT-12
4HPJ,1.45,X-RAY DIFFRACTION,10.1021/BI400795E,"['BCN', 'PEG', '1D0', 'F9F', 'CL', 'CS']","{'A': ['P00929'], 'B': ['P0A2K1']}","['A', 'B']",23952479,"[('A', ['4.2.1.20']), ('B', ['4.2.1.20'])]",C 1 2 1,23-OCT-12
4HPX,1.65,X-RAY DIFFRACTION,10.1021/BI400795E,"['BCN', 'PEG', 'BZI', '0JO', 'F9F', 'CS']","{'A': ['P00929'], 'B': ['P0A2K1']}","['A', 'B']",23952479,"[('A', ['4.2.1.20']), ('B', ['4.2.1.20'])]",C 1 2 1,24-OCT-12
4HT3,1.3,X-RAY DIFFRACTION,10.1021/BI400795E,"['BCN', 'PEG', 'PGE', 'F9F', 'CL', 'PG5', 'CS', 'PLP', 'EDO']","{'A': ['P00929'], 'B': ['P0A2K1']}","['A', 'B']",23952479,"[('A', ['4.2.1.20']), ('B', ['4.2.1.20'])]",C 1 2 1,31-OCT-12
4HUT,1.95,X-RAY DIFFRACTION,10.1021/BI301378D,"['MG', 'EDO', 'B12', 'ATP']","{'A': ['P31570'], 'B': ['P31570']}","['A', 'B']",23148601,"[('A', ['2.5.1.17']), ('B', ['2.5.1.17'])]",P 21 21 21,04-NOV-12
4HZM,1.45,X-RAY DIFFRACTION,10.1002/CBIC.201300395,"['1BW', 'MES']","{'A': ['Q8ZQ06'], 'B': ['Q8ZQ06']}","['A', 'B']",24009110,"[('A', ['3.2.1.52']), ('B', ['3.2.1.52'])]",P 1 21 1,15-NOV-12
4I5Q,1.96,X-RAY DIFFRACTION,10.1016/J.JSB.2013.05.013,['MG'],"{'A': ['P55890'], 'B': ['P55890']}","['A', 'B']",23726983,,P 21 21 21,28-NOV-12
4ILF,2.0,X-RAY DIFFRACTION,10.1016/J.JSB.2013.05.013,,"{'A': ['P55890'], 'B': ['P55890']}","['A', 'B']",23726983,,P 21 21 21,31-DEC-12
4IUO,1.8,X-RAY DIFFRACTION,10.1021/BI4015506,['QIC'],"{'A': ['P58687'], 'B': ['P58687']}","['A', 'B']",24437575,"[('A', ['4.2.1.10']), ('B', ['4.2.1.10'])]",P 21 21 21,21-JAN-13
4JEV,1.67,X-RAY DIFFRACTION,,"['CSO', 'PXG', 'ACT', 'NA']","{'A': ['P40732'], 'B': ['P40732']}","['A', 'B']",,"[('A', ['2.6.1.11', '2.6.1.17']), ('B', ['2.6.1.11', '2.6.1.17'])]",P 21 21 2,27-FEB-13
4JEW,1.48,X-RAY DIFFRACTION,,"['P00', 'ACT', 'EDO', 'TNF']","{'A': ['P40732'], 'B': ['P40732']}","['A', 'B']",,"[('A', ['2.6.1.11', '2.6.1.17']), ('B', ['2.6.1.11', '2.6.1.17'])]",P 21 21 2,27-FEB-13
4JEX,1.43,X-RAY DIFFRACTION,,"['ACT', 'NA', 'TNF', 'EDO', 'P00']","{'A': ['P40732'], 'B': ['P40732']}","['A', 'B']",,"[('A', ['2.6.1.11', '2.6.1.17']), ('B', ['2.6.1.11', '2.6.1.17'])]",P 21 21 2,27-FEB-13
4JEY,1.55,X-RAY DIFFRACTION,,"['PLP', 'ACT', 'EDO', 'NA']","{'A': ['P40732'], 'B': ['P40732']}","['A', 'B']",,"[('A', ['2.6.1.11', '2.6.1.17']), ('B', ['2.6.1.11', '2.6.1.17'])]",P 21 21 2,27-FEB-13
4JEZ,1.55,X-RAY DIFFRACTION,,"['P00', 'ACT', 'EDO', 'NA']","{'A': ['P40732'], 'B': ['P40732']}","['A', 'B']",,"[('A', ['2.6.1.11', '2.6.1.17']), ('B', ['2.6.1.11', '2.6.1.17'])]",P 21 21 2,27-FEB-13
4JF0,2.1,X-RAY DIFFRACTION,,"['IT1', 'ACT', 'EDO', 'NA']","{'A': ['P40732'], 'B': ['P40732']}","['A', 'B']",,"[('A', ['2.6.1.11', '2.6.1.17']), ('B', ['2.6.1.11', '2.6.1.17'])]",P 21 21 2,27-FEB-13
4JF1,1.28,X-RAY DIFFRACTION,,"['PLP', 'ACT', 'EDO']","{'A': ['P40732'], 'B': ['P40732']}","['A', 'B']",,"[('A', ['2.6.1.11', '2.6.1.17']), ('B', ['2.6.1.11', '2.6.1.17'])]",P 21 21 2,27-FEB-13
4KKX,1.77,X-RAY DIFFRACTION,10.1021/BI400795E,"['PEG', 'PGE', 'NA', 'AQ3', 'EDO', 'F6F']","{'A': ['P00929'], 'B': ['P0A2K1']}","['A', 'B']",23952479,"[('A', ['4.2.1.20']), ('B', ['4.2.1.20'])]",C 1 2 1,06-MAY-13
4KQF,1.9,X-RAY DIFFRACTION,10.1016/J.BBAGEN.2013.09.038,"['SO4', 'EDO', 'ADE']",{'A': ['Q05603']},['A'],24121107,"[('A', ['2.4.2.21'])]",P 21 21 2,15-MAY-13
4KQG,1.9,X-RAY DIFFRACTION,10.1016/J.BBAGEN.2013.09.038,"['EDO', 'DMD', 'PO4']",{'A': ['Q05603']},['A'],24121107,"[('A', ['2.4.2.21'])]",P 21 21 2,15-MAY-13
4KQH,1.9,X-RAY DIFFRACTION,10.1016/J.BBAGEN.2013.09.038,"['SO4', 'EDO', 'PO4']",{'A': ['Q05603']},['A'],24121107,"[('A', ['2.4.2.21'])]",P 21 21 2,15-MAY-13
4KQI,1.4,X-RAY DIFFRACTION,10.1016/J.BBAGEN.2013.09.038,"['NIO', 'EDO', 'RBZ']",{'A': ['Q05603']},['A'],24121107,"[('A', ['2.4.2.21'])]",P 2 21 21,15-MAY-13
4KQJ,1.95,X-RAY DIFFRACTION,10.1016/J.BBAGEN.2013.09.038,"['SO4', 'PCR', 'NCN']",{'A': ['Q05603']},['A'],24121107,"[('A', ['2.4.2.21'])]",P 21 21 2,15-MAY-13
4KQK,1.47,X-RAY DIFFRACTION,10.1016/J.BBAGEN.2013.09.038,"['SO4', 'GOL', 'PCR', 'EDO']","{'A': ['Q05603'], 'B': ['Q05603']}","['B', 'A']",24121107,"[('B', ['2.4.2.21']), ('A', ['2.4.2.21'])]",P 1 21 1,15-MAY-13
4KR4,3.8,X-RAY DIFFRACTION,,['AIC'],"{'A': ['P37432'], 'C': ['P37432'], 'B': ['P37432']}","['A', 'C', 'B']",,,P 21 21 21,16-MAY-13
4KR8,3.1,X-RAY DIFFRACTION,,['DM1'],"{'A': ['P37432'], 'C': ['P37432'], 'B': ['P37432']}","['A', 'C', 'B']",,,P 21 21 21,16-MAY-13
4KRA,3.32,X-RAY DIFFRACTION,,['CPF'],"{'A': ['P37432'], 'C': ['P37432'], 'B': ['P37432']}","['A', 'C', 'B']",,,P 21 21 21,16-MAY-13
4L78,2.18,X-RAY DIFFRACTION,10.1371/JOURNAL.PONE.0077781,"['ACT', 'CYG', 'ADP', 'CL', 'XE', 'SO4', 'MG', 'MN']",{'A': ['P74881']},['A'],24223728,"[('A', ['6.3.5.3'])]",P 65,13-JUN-13
4LGY,1.48,X-RAY DIFFRACTION,10.1371/JOURNAL.PONE.0077781,"['ACT', 'CYG', 'GOL', 'ADP', 'CL', 'SO4', 'MG']",{'A': ['P74881']},['A'],24223728,"[('A', ['6.3.5.3'])]",P 65,30-JUN-13
4LI3,2.59,X-RAY DIFFRACTION,,"['GOL', 'LLP']","{'A': ['P29847'], 'X': ['P45040']}","['A', 'X']",,"[('X', ['2.5.1.47'])]",I 41,02-JUL-13
4M64,3.35,X-RAY DIFFRACTION,10.1038/NCOMMS4009,,"{'A': ['P30878'], 'C': ['P30878'], 'B': ['P30878'], 'D': ['P30878']}","['A', 'C', 'B', 'D']",24389923,,P 32,08-AUG-13
4MA9,1.82,X-RAY DIFFRACTION,10.1021/BI4011573,"['GOL', 'CL', 'K']","{'A': ['P0A251'], 'C': ['P0A251'], 'B': ['P0A251'], 'E': ['P0A251'], 'D': ['P0A251']}","['A', 'C', 'B', 'E', 'D']",24175952,"[('A', ['1.11.1.15']), ('C', ['1.11.1.15']), ('B', ['1.11.1.15']), ('E', ['1.11.1.15']), ('D', ['1.11.1.15'])]",C 2 2 21,15-AUG-13
4MAB,1.9,X-RAY DIFFRACTION,10.1021/BI4011573,"['GOL', 'CL', 'K']","{'A': ['P0A251'], 'C': ['P0A251'], 'B': ['P0A251'], 'E': ['P0A251'], 'D': ['P0A251']}","['A', 'C', 'B', 'E', 'D']",24175952,"[('A', ['1.11.1.15']), ('C', ['1.11.1.15']), ('B', ['1.11.1.15']), ('E', ['1.11.1.15']), ('D', ['1.11.1.15'])]",C 2 2 21,15-AUG-13
4MGH,2.65,X-RAY DIFFRACTION,10.1371/JOURNAL.PONE.0077781,"['ACT', 'CYG', 'ADP', 'XE', 'SO4', 'MG', 'MN']",{'A': ['P74881']},['A'],24223728,"[('A', ['6.3.5.3'])]",P 65,28-AUG-13
4NSL,3.0,X-RAY DIFFRACTION,,['N2P'],"{'A': ['Q8ZPZ6'], 'C': ['Q8ZPZ6'], 'B': ['Q8ZPZ6'], 'D': ['Q8ZPZ6']}","['A', 'C', 'D', 'B']",,"[('A', ['4.3.2.2']), ('C', ['4.3.2.2']), ('D', ['4.3.2.2']), ('B', ['4.3.2.2'])]",P 21 21 21,28-NOV-13
4NU8,2.07,X-RAY DIFFRACTION,,"['GOL', 'LLP']","{'A': ['P29847'], 'X': ['P45040']}","['A', 'X']",,"[('X', ['2.5.1.47'])]",I 41,03-DEC-13
4OGK,2.4,X-RAY DIFFRACTION,,"['THM', 'PEG', 'K', 'PG4', 'IPA', 'EDO']","{'A': ['P0A1F6'], 'C': ['P0A1F6'], 'B': ['P0A1F6'], 'E': ['P0A1F6'], 'D': ['P0A1F6'], 'F': ['P0A1F6']}","['B', 'A', 'C', 'E', 'D', 'F']",,"[('B', ['2.4.2.3']), ('A', ['2.4.2.3']), ('C', ['2.4.2.3']), ('E', ['2.4.2.3']), ('D', ['2.4.2.3']), ('F', ['2.4.2.3'])]",P 61,16-JAN-14
4R6Y,1.22,X-RAY DIFFRACTION,,"['GOL', 'ACT']",{'A': ['P96062']},['A'],,,P 21 21 21,26-AUG-14
4R7G,2.9,X-RAY DIFFRACTION,10.1021/CB501015R,"['SO4', 'MG', 'CYG', 'ADP']",{'A': ['P74881']},['A'],25551173,"[('A', ['6.3.5.3'])]",P 65,27-AUG-14
4RYT,2.09,X-RAY DIFFRACTION,10.1107/S1399004715011992,"['MG', 'EDO', 'PO4']",{'A': ['P66881']},['A'],,"[('A', ['3.1.3.5', '3.1.3.6'])]",F 2 2 2,17-DEC-14
4RYU,2.04,X-RAY DIFFRACTION,10.1107/S1399004715011992,"['GOL', 'PO4', 'MPD', 'MG']","{'A': ['P66881'], 'C': ['P66881'], 'B': ['P66881'], 'D': ['P66881']}","['A', 'C', 'B', 'D']",,"[('A', ['3.1.3.5', '3.1.3.6']), ('C', ['3.1.3.5', '3.1.3.6']), ('B', ['3.1.3.5', '3.1.3.6']), ('D', ['3.1.3.5', '3.1.3.6'])]",C 1 2 1,17-DEC-14
4XEP,1.5,X-RAY DIFFRACTION,10.1107/S1399004715011992,"['MG', 'EDO', 'PO4']",{'A': ['P66881']},['A'],,"[('A', ['3.1.3.5', '3.1.3.6', '3.6.1.11'])]",F 2 2 2,24-DEC-14
4XER,1.97,X-RAY DIFFRACTION,10.1107/S1399004715011992,"['ACT', 'CA', 'PO4', 'MPD', 'MG']","{'A': ['P66881'], 'C': ['P66881'], 'B': ['P66881'], 'D': ['P66881']}","['A', 'C', 'B', 'D']",,"[('A', ['3.1.3.5', '3.1.3.6', '3.6.1.11']), ('C', ['3.1.3.5', '3.1.3.6', '3.6.1.11']), ('B', ['3.1.3.5', '3.1.3.6', '3.6.1.11']), ('D', ['3.1.3.5', '3.1.3.6', '3.6.1.11'])]",C 1 2 1,24-DEC-14
4XGB,2.23,X-RAY DIFFRACTION,10.1107/S1399004715011992,"['PO4', 'MG', 'MPD']","{'A': ['P66881'], 'C': ['P66881'], 'B': ['P66881'], 'D': ['P66881']}","['A', 'C', 'B', 'D']",,"[('A', ['3.1.3.5', '3.1.3.6', '3.6.1.11']), ('C', ['3.1.3.5', '3.1.3.6', '3.6.1.11']), ('B', ['3.1.3.5', '3.1.3.6', '3.6.1.11']), ('D', ['3.1.3.5', '3.1.3.6', '3.6.1.11'])]",C 1 2 1,30-DEC-14
4XGP,1.9,X-RAY DIFFRACTION,10.1107/S1399004715011992,"['PO4', 'ADE', 'MG', 'EDO']","{'A': ['P66881'], 'C': ['P66881'], 'B': ['P66881'], 'D': ['P66881']}","['A', 'C', 'B', 'D']",,"[('A', ['3.1.3.5', '3.1.3.6', '3.6.1.11']), ('C', ['3.1.3.5', '3.1.3.6', '3.6.1.11']), ('B', ['3.1.3.5', '3.1.3.6', '3.6.1.11']), ('D', ['3.1.3.5', '3.1.3.6', '3.6.1.11'])]",C 1 2 1,01-JAN-15
4XH1,2.0,X-RAY DIFFRACTION,10.1107/S1399004715009992,"['GOL', 'ANP', 'PPI']",{'A': ['O06961']},['A'],26249345,"[('A', ['2.7.2.15'])]",P 31 2 1,04-JAN-15
4XH4,1.8,X-RAY DIFFRACTION,10.1107/S1399004715009992,"['SO4', 'GOL', 'ANP', 'PPI']",{'A': ['O06961']},['A'],26249345,"[('A', ['2.7.2.15'])]",P 31 2 1,04-JAN-15
4XH5,2.11,X-RAY DIFFRACTION,10.1107/S1399004715009992,"['SO4', 'GOL', 'ANP', 'PPI']",{'A': ['O06961']},['A'],26249345,"[('A', ['2.7.2.15'])]",P 31 2 1,04-JAN-15
4XH8,3.56,X-RAY DIFFRACTION,10.1107/S1399004715011992,,"{'A': ['P66881'], 'B': ['P66881']}","['A', 'B']",,"[('A', ['3.1.3.5', '3.1.3.6', '3.6.1.11']), ('B', ['3.1.3.5', '3.1.3.6', '3.6.1.11'])]",P 41 21 2,05-JAN-15
4XJ7,1.6,X-RAY DIFFRACTION,10.1107/S1399004715011992,"['GOL', 'PO4', 'ADE', 'ADN', 'MG']","{'A': ['P66881'], 'C': ['P66881'], 'B': ['P66881'], 'D': ['P66881']}","['A', 'C', 'B', 'D']",,"[('A', ['3.1.3.5', '3.1.3.6', '3.6.1.11']), ('C', ['3.1.3.5', '3.1.3.6', '3.6.1.11']), ('B', ['3.1.3.5', '3.1.3.6', '3.6.1.11']), ('D', ['3.1.3.5', '3.1.3.6', '3.6.1.11'])]",C 1 2 1,08-JAN-15
4ZU1,2.2,X-RAY DIFFRACTION,,"['GOL', 'LLP', 'OAS']","{'A': ['P29847'], 'X': ['P45040']}","['A', 'X']",,"[('X', ['2.5.1.47'])]",I 41,15-MAY-15
4ZU6,2.03,X-RAY DIFFRACTION,,"['PLP', 'OAS']","{'X': ['P45040'], 'B': ['P29847']}","['B', 'X']",,"[('X', ['2.5.1.47'])]",I 41,15-MAY-15
5A5W,1.6,X-RAY DIFFRACTION,10.1074/JBC.M115.678086,['GUO'],{'A': ['P10372']},['A'],26294764,"[('A', ['5.3.1.16'])]",P 31 2 1,23-JUN-15
5AHE,1.7,X-RAY DIFFRACTION,10.1074/JBC.M115.678086,"['GOL', 'EPE', 'PO4', 'NA', 'CME']",{'A': ['P10372']},['A'],26294764,"[('A', ['5.3.1.16'])]",P 61 2 2,05-FEB-15
5AHF,2.2,X-RAY DIFFRACTION,10.1074/JBC.M115.678086,"['GOL', 'GUO']",{'A': ['P10372']},['A'],26294764,"[('A', ['5.3.1.16'])]",P 61 2 2,05-FEB-15
5DBE,2.25,X-RAY DIFFRACTION,,"['GOL', 'OAS', 'P1T']","{'A': ['P29847'], 'X': ['P45040']}","['A', 'X']",,"[('X', ['2.5.1.47'])]",I 41,21-AUG-15
