,m_gene,u_uniprot_acc,u_reviewed,u_pdb
0,STM3699,P29847,True,4ZU1
1,STM3699,P29847,True,5DBE
2,STM3699,P29847,True,4LI3
3,STM3699,P29847,True,4NU8
4,STM3699,P29847,True,4ZU6
5,STM4366,P65882,True,
6,STM2466,P41790,True,
7,STM3482,Q8ZLK5,True,
8,STM2460,P41796,True,
9,STM2463,P41793,True,
10,STM2183,Q8ZNM0,True,
11,STM0399,P0A1W8,True,
12,STM2058,Q9XDM4,True,
13,STM3483,Q8ZLK4,False,
14,STM0393,Q8ZRE5,False,
15,STM2667,Q8ZMW7,False,
16,STM3702,Q7CPH7,False,
17,STM3961,Q9L6N5,False,
18,STM3960,Q9L6N6,True,
19,STM2662,P65836,True,
20,STM3965,Q9L6N1,True,
21,STM2461,P41795,True,
22,STM0586,Q8ZR39,False,3MGA
23,STM3968,P0A1F6,True,3FWP
24,STM3968,P0A1F6,True,1RYZ
25,STM3968,P0A1F6,True,2HRD
26,STM3968,P0A1F6,True,2IQ5
27,STM3968,P0A1F6,True,1Y1Q
28,STM3968,P0A1F6,True,1Y1S
29,STM3968,P0A1F6,True,1Y1R
30,STM3968,P0A1F6,True,1Y1T
31,STM3968,P0A1F6,True,3C74
32,STM3968,P0A1F6,True,2RJ3
33,STM3968,P0A1F6,True,2I8A
34,STM3968,P0A1F6,True,1ZL2
35,STM3968,P0A1F6,True,4OGK
36,STM3968,P0A1F6,True,2PGA
37,STM3968,P0A1F6,True,2OXF
38,STM3968,P0A1F6,True,4E1V
39,STM3968,P0A1F6,True,2HN9
40,STM3968,P0A1F6,True,3DPS
41,STM3968,P0A1F6,True,2HSW
42,STM3968,P0A1F6,True,1SJ9
43,STM3968,P0A1F6,True,2OEC
44,STM3968,P0A1F6,True,3DDO
45,STM3968,P0A1F6,True,2HWU
46,STM3968,P0A1F6,True,2QDK
47,STM2502,P0A269,True,
48,STM2079,Q04866,True,4E2C
49,STM2079,Q04866,True,4E29
50,STM2079,Q04866,True,3B8P
51,STM2500,H9L487,False,
52,STM2501,O86090,True,
53,STM3793,Q7CPF5,False,
54,STM3686,Q8ZL67,True,
55,STM2808,P17424,True,2R2F
56,STM2808,P17424,True,1R2F
57,STM2808,P17424,True,2BQ1
58,STM0247,Q8ZRM9,True,
59,STM0246,Q8ZRN0,True,
60,STM0245,Q8ZRN1,True,
61,STM1793,Q8ZP23,False,
62,STM1375,Q8ZPQ0,False,
63,STM0248,Q8ZRM8,True,
64,STM0719,Q8ZQV4,False,
65,STM2074,P10368,True,
66,STM0619,Q8ZR14,True,
67,STM0087,Q8ZRW1,False,
68,STM2075,P0A1R4,True,
69,STM0329,Q8ZRJ0,True,
70,STM0498,Q8ZR95,True,
71,STM0773,Q8ZQS1,False,
72,STM0494,P06196,True,
73,STM0320,P30705,True,
74,STM0088,P0A1B1,True,
75,STM0322,P40861,True,
76,STM0491,Q8ZRA0,False,
77,STM0812,Q8ZQP4,True,
78,STM2189,P23924,True,
79,STM1826,Q8ZP07,False,
80,STM2956,Q8ZME2,False,
81,STM2064,P0A1I1,True,
82,STM2959,Q8ZME0,False,3CWC
83,STM1104,Q9RPU8,False,
84,STM3697,Q8ZL58,True,2PP3
85,STM3697,Q8ZL58,True,2PP0
86,STM3697,Q8ZL58,True,2PP1
87,STM2774,Q8ZMN3,False,
88,STM3938,P0A1Q8,True,
89,STM1101,Q8ZQ49,False,
90,STM3200,Q7CPR9,True,
91,STM3939,P0A1A7,True,
92,STM0958,Q7CQU5,False,
93,STM1255,Q8ZPY3,False,
94,STM0661,Q8ZQY4,True,
95,STM3683,Q8ZL69,True,
96,STM0663,Q8ZQY3,False,
97,STM0662,Q7CQY9,False,
98,STM0889,Q7CQV1,False,
99,STM4567,Q8ZJV8,True,
100,STM1469,Q8ZPL7,True,
101,STM0140,P63828,True,
102,STM0141,Q8ZRT5,True,
103,STM0887,Q7CQV2,False,
104,STM0671,Q8ZQY2,False,
105,STM0145,P30012,True,1QAP
106,STM0146,P0CL03,True,
107,STM2168,Q8ZNM6,False,
108,STM3068,Q7CPU6,False,
109,STM3069,P65702,True,
110,STM3066,Q8ZM68,True,
111,STM2165,Q8ZNM8,False,
112,STM2167,Q8ZNM7,False,
113,STM3062,Q8ZM69,False,
114,STM3063,P66692,True,
115,STM2162,Q8ZNN0,False,
116,STM2163,Q7CQ89,False,
117,STM0866,Q8ZQK8,False,
118,STM0865,Q8ZQK9,False,
119,STM0863,Q8ZQL1,False,
120,STM3881,Q8ZKW0,True,3E7N
121,STM0861,Q8ZQL3,False,
122,STM1107,Q8ZQ46,False,
123,STM0183,Q8ZRQ9,False,
124,STM0791,Q8ZQQ9,True,
125,STM2146,P55882,True,1JXI
126,STM2146,P55882,True,1JXH
127,STM1718,P31570,True,1G5T
128,STM1718,P31570,True,1G5R
129,STM1718,P31570,True,1G64
130,STM1718,P31570,True,4HUT
131,STM0242,Q7CR62,True,
132,STM2929,Q8ZMF7,True,3GHZ
133,STM2929,Q8ZMF7,True,3T80
134,STM1712,Q8ZP52,True,
135,STM1710,Q7CQG5,False,
136,STM1711,P66030,True,
137,STM3500,P41033,True,
138,STM2669,Q7CPZ8,False,
139,STM0101,P06190,True,
140,STM0985,Q8ZQC2,True,
141,STM1883,Q8ZNW5,True,
142,STM2467,Q9ZFV4,True,
143,STM1886,Q8ZNW2,False,
144,STM1787,Q8ZP27,False,
145,STM1884,Q8ZNW4,False,
146,STM1885,Q8ZNW3,False,
147,STM3787,P27670,True,
148,STM2301,O52327,True,
149,STM1963,P26613,True,
150,STM1889,H9L440,False,
151,STM2305,P37418,True,
152,STM2306,P58486,True,3GC2
153,STM2307,Q7CQ56,True,3H02
154,STM3668,Q8ZL83,True,
155,STM2025,Q05592,True,1QGO
156,STM2025,Q05592,True,2XWP
157,STM3542,Q7CPK4,False,
158,STM0963,P67563,True,
159,STM3660,Q8ZL91,False,
160,STM0444,Q8ZRC2,False,
161,STM2092,P26396,True,
162,STM2093,P26395,True,
163,STM3664,Q8ZL87,False,
164,STM0440,Q7CR28,False,
165,STM0443,Q7CR26,False,
166,STM0442,Q7CR27,False,
167,STM4100,Q8ZKN5,False,
168,STM4101,Q8ZKN4,False,
169,STM2391,Q8ZNA5,True,
170,STM1290,P0A1P0,True,
171,STM1569,Q8ZPE6,False,
172,STM1568,Q8ZPE7,False,
173,STM4106,P17750,True,
174,STM4108,Q8ZKM9,False,
175,STM4109,Q8ZKM8,True,
176,STM1567,Q7CQI9,False,
177,STM1566,Q8ZPE8,True,
178,STM2020,Q05596,True,
179,STM0756,P24519,True,
180,STM3147,Q8ZM16,False,
181,STM3704,Q8ZL56,True,
182,STM1818,P63521,True,
183,STM2948,P38039,True,
184,STM2949,Q7CPW5,False,
185,STM2946,P17853,True,
186,STM2947,P17845,True,
187,STM2009,Q8ZNS0,False,2GUW
188,STM2927,P66881,True,4XH8
189,STM2927,P66881,True,4XGB
190,STM2927,P66881,True,4RYU
191,STM2927,P66881,True,4RYT
192,STM2927,P66881,True,4XER
193,STM2927,P66881,True,4XEP
194,STM2927,P66881,True,4GAD
195,STM2927,P66881,True,4XJ7
196,STM2927,P66881,True,4G9O
197,STM2927,P66881,True,4XGP
198,STM2927,P66881,True,2V4N
199,STM2927,P66881,True,2V4O
200,STM1763,Q8ZP38,False,
201,STM1762,Q8ZP39,False,
202,STM1761,Q8ZP40,False,
203,STM0686,Q8ZQX5,True,
204,STM4081,Q8ZKP7,True,
205,STM4080,Q8ZKP8,True,
206,STM1584,P40812,True,
207,STM4085,Q8ZKP4,False,
208,STM4084,Q8ZKP5,False,3FPK
209,STM4087,Q8ZKP2,False,
210,STM4086,Q8ZKP3,True,
211,STM2548,P26474,True,
212,STM4323,Q8ZKC3,True,
213,STM2072,P10370,True,
214,STM4326,Q7CPA1,False,
215,STM3714,P26470,True,
216,STM3715,P26473,True,
217,STM3716,P26472,True,
218,STM3717,P19817,True,
219,STM3710,P67912,True,
220,STM3711,P37421,True,
221,STM3712,P26469,True,
222,STM3713,P26471,True,
223,STM0698,Q8ZQW9,False,2FUV
224,STM0698,Q8ZQW9,False,3OLP
225,STM0698,Q8ZQW9,False,3NA5
226,STM3002,P60959,True,
227,STM3718,P19816,True,
228,STM3719,Q06994,True,
229,STM1780,P0A1V6,True,
230,STM0364,P0CL48,True,
231,STM0368,Q56062,True,1UJQ
232,STM0368,Q56062,True,1O5Q
233,STM0369,Q56063,True,3O8J
234,STM3882,Q8ZKV9,True,
235,STM0974,Q7CQU0,False,3Q7K
236,STM0879,Q8ZQJ8,False,
237,STM0049,P58679,True,
238,STM4421,Q8ZK61,False,
239,STM1067,P64105,True,
240,STM3959,Q9L6N7,True,
241,STM0593,Q8ZR35,True,
242,STM4035,Q7CPC6,False,
243,STM4036,Q8ZKS9,False,
244,STM4037,Q8ZKS8,False,
245,STM0045,Q7CR93,False,
246,STM0596,Q8ZR32,False,
247,STM0595,Q8ZR33,False,
248,STM0594,Q8ZR34,False,
249,STM4137,P37417,True,
250,STM2536,Q9RF52,True,
251,STM0091,P58717,True,1R8K
252,STM2533,Q8ZN45,False,
253,STM2531,Q8ZN47,False,
254,STM4139,Q9L9K3,True,
255,STM2435,P40192,True,
256,STM2432,P0A249,True,
257,STM2433,P0A283,True,
258,STM2430,P0A1E3,True,1OAS
259,STM2430,P0A1E3,True,1FCJ
260,STM2430,P0A1E3,True,1D6S
261,STM2431,P0AA07,True,
262,STM1200,P65246,True,
263,STM0627,Q8ZR07,False,
264,STM2776,Q8ZMN1,False,
265,STM0621,Q8ZR12,False,
266,STM0620,Q8ZR13,False,
267,STM0623,Q7CQZ6,True,
268,STM0622,Q8ZR11,False,
269,STM3300,Q8ZLS6,False,
270,STM3936,Q9L6Q4,False,
271,STM3937,Q9L6Q3,True,
272,STM0180,P65662,True,
273,STM0181,Q8ZRR1,True,3MUE
274,STM0182,Q8ZRR0,True,
275,STM0321,P65792,True,
276,STM1617,Q8ZPB7,False,
277,STM0828,Q7CQW2,False,
278,STM0218,P65933,True,
279,STM1620,Q8ZPB5,False,
280,STM1204,Q8ZQ10,False,
281,STM0966,Q7CQU2,False,
282,STM0740,Q8ZQT9,False,
283,STM0213,Q8ZRP4,True,
284,STM3307,P65454,True,
285,STM0984,P63359,True,3B5Y
286,STM0984,P63359,True,3B5Z
287,STM0984,P63359,True,3B60
288,STM4300,Q8ZKE2,False,
289,STM0829,Q7CQW1,False,
290,STM1203,P37439,True,
291,STM0980,Q8ZQC4,True,
292,STM1208,Q8ZQ07,True,
293,STM1209,Q8ZQ06,True,4GVI
294,STM1209,Q8ZQ06,True,4GVH
295,STM1209,Q8ZQ06,True,4HZM
296,STM1209,Q8ZQ06,True,4GVG
297,STM1209,Q8ZQ06,True,4GVF
298,STM2991,Q8ZMB9,False,
299,STM2992,Q8ZMB8,True,
300,STM4456,P36640,True,
301,STM2820,Q7CPY7,False,
302,STM1497,Q8ZPJ8,False,
303,STM2253,Q8XF64,False,
304,STM0988,Q8ZQC0,True,
305,STM1496,Q8ZPJ9,False,
306,STM3733,P08870,True,1OPR
307,STM3733,P08870,True,1LH0
308,STM3733,P08870,True,1STO
309,STM0130,Q8ZRU1,True,
310,STM3983,Q9L6L5,True,
311,STM3982,P0A2H7,True,3GOA
312,STM3242,O06961,True,4FWO
313,STM3242,O06961,True,4FWN
314,STM3242,O06961,True,4FWM
315,STM3242,O06961,True,4FWL
316,STM3242,O06961,True,4FWK
317,STM3242,O06961,True,2E1Y
318,STM3242,O06961,True,2E1Z
319,STM3242,O06961,True,1X3N
320,STM3242,O06961,True,4XH5
321,STM3242,O06961,True,2E20
322,STM3242,O06961,True,4XH4
323,STM3242,O06961,True,4XH1
324,STM3242,O06961,True,1X3M
325,STM3242,O06961,True,4FWS
326,STM3242,O06961,True,4FWR
327,STM3242,O06961,True,4FWQ
328,STM3242,O06961,True,4FWP
329,STM3243,Q8ZLW1,True,
330,STM0137,Q8ZRT6,False,
331,STM3986,Q9L6L2,True,
332,STM4452,Q9L646,True,
333,STM1538,Q8ZPH0,False,4C3O
334,STM3248,Q8ZLV8,False,1VPD
335,STM3249,Q7CPQ8,True,
336,STM3057,Q8ZM73,False,
337,STM1125,P10502,True,
338,STM3055,P64222,True,
339,STM3054,Q8ZM75,True,
340,STM3045,P0A1N6,True,
341,STM2190,P23905,True,1GCA
342,STM2190,P23905,True,3GA5
343,STM2190,P23905,True,3GBP
344,STM2190,P23905,True,1GCG
345,STM2193,P64209,True,
346,STM3114,Q8ZM37,False,
347,STM2057,P74879,True,
348,STM2199,Q8ZNL0,False,
349,STM3113,Q8ZM38,False,
350,STM1102,Q8ZQ48,False,
351,STM0528,Q8ZR76,False,
352,STM0522,Q8ZR80,False,
353,STM0523,Q7CR08,True,
354,STM0527,Q8ZR77,False,
355,STM0525,Q8ZR78,False,
356,STM1723,P00898,True,1I1Q
357,STM0463,Q7CR19,False,
358,STM1448,Q8ZPM9,True,
359,STM1449,Q7CQK7,True,
360,STM1338,P15434,True,
361,STM2321,Q7CQ51,True,
362,STM1725,P00910,True,
363,STM1724,P00905,True,1I1Q
364,STM2089,P0A1P4,True,
365,STM1440,O68901,True,
366,STM1337,P67038,True,
367,STM1446,Q8ZPN1,True,
368,STM1332,P0A235,True,
369,STM2933,P63889,True,
370,STM2121,P63905,True,
371,STM2122,P67408,True,
372,STM3139,Q7CPT1,False,
373,STM3180,Q7CPS3,False,
374,STM3185,Q7CPS2,False,
375,STM3259,Q8ZLU9,False,
376,STM2278,P37427,True,
377,STM2370,P60802,True,3OET
378,STM4159,Q9S498,True,
379,STM2096,P26392,True,1KBZ
380,STM2096,P26392,True,1N2S
381,STM2096,P26392,True,1KC1
382,STM2096,P26392,True,1KC3
383,STM2378,Q7CQ36,False,
384,STM4477,Q8ZK29,True,
385,STM0425,P55913,True,
386,STM2276,P37431,True,
387,STM2277,P37426,True,
388,STM0416,Q8ZRD4,False,
389,STM0417,P66038,True,3MK3
390,STM0417,P66038,True,3NQ4
391,STM3612,Q8ZLC0,False,
392,STM0413,P0A261,True,
393,STM0795,Q8ZQQ7,True,
394,STM0794,P12678,True,
395,STM0797,Q8ZQQ5,True,
396,STM3258,Q8ZLV0,False,
397,STM0793,P12677,True,
398,STM0419,P55881,True,
399,STM2289,Q8ZNG0,True,
400,STM4408,Q8ZK71,True,
401,STM3247,Q8ZLV9,False,
402,STM0004,Q8ZS18,False,
403,STM0007,P66955,True,
404,STM0006,Q8ZS16,False,
405,STM2320,Q7CQ52,False,
406,STM0003,P65226,True,
407,STM0002,Q8ZS19,False,
408,STM2977,Q8ZMC5,True,
409,STM2976,Q8ZMC6,True,
410,STM1383,Q9Z4S6,True,
411,STM2974,Q8ZMC7,False,
412,STM2973,Q8ZMC8,False,
413,STM2841,Q8ZMJ6,True,
414,STM2971,Q8ZMD0,False,
415,STM2970,Q8ZMD1,False,
416,STM1647,Q8ZP91,False,
417,STM1435,P0A1Q2,True,
418,STM1433,Q7CQK9,False,
419,STM1431,P0A2F4,True,
420,STM4176,P26978,True,
421,STM2472,Q9ZFV8,True,
422,STM2473,Q8ZN83,True,
423,STM2477,Q7CQ25,True,
424,STM0388,P63603,True,
425,STM0103,P06188,True,
426,STM0386,Q8ZRF0,False,
427,STM4358,P26366,True,
428,STM3382,Q8ZLN9,False,
429,STM3241,Q8ZLW2,False,
430,STM0380,P0A1F0,True,3Q1K
431,STM0380,P0A1F0,True,3I12
432,STM3254,Q8ZLV4,False,
433,STM3970,P0A2K5,True,
434,STM3972,P0A197,True,
435,STM2578,Q8ZN19,True,
436,STM2670,P0A1B5,True,
437,STM3257,Q8ZLV1,True,
438,STM3978,Q9L6M0,True,
439,STM3979,Q9L6L9,True,
440,STM4248,P74861,True,
441,STM2577,P63466,True,
442,STM2283,Q8ZNG6,False,
443,STM4283,Q8ZKE9,False,
444,STM0700,Q8ZQW7,False,
445,STM2282,Q8ZNG7,False,
446,STM0706,Q8ZQW1,True,
447,STM0255,Q8ZRM7,True,
448,STM4285,Q8ZKE7,False,
449,STM0705,Q8ZQW2,True,
450,STM3871,Q7CPE3,True,
451,STM3870,P68704,True,
452,STM2786,Q9FA46,False,
453,STM3872,Q8ZKW7,False,
454,STM3877,Q8ZKW4,True,
455,STM2284,Q8ZNG5,False,
456,STM1155,Q8ZQ24,False,
457,STM0701,Q8ZQW6,False,
458,STM0310,P63223,True,
459,STM1651,Q8ZP89,False,
460,STM2286,Q8ZNG3,False,
461,STM0317,P0A277,True,
462,STM0316,Q8ZRJ5,False,
463,STM3905,P20506,True,
464,STM3279,Q8ZLT5,False,
465,STM2194,Q8ZNL5,False,
466,STM4420,Q8ZK62,False,2QJV
467,STM2019,Q05597,True,
468,STM0568,Q8ZR53,False,
469,STM3506,P74884,True,
470,STM2403,Q93IM5,True,
471,STM2401,Q8ZNA3,False,
472,STM3053,Q8ZM76,True,
473,STM3334,Q8ZLR0,False,
474,STM2090,P26398,True,
475,STM0519,Q8ZR83,False,1YB4
476,STM2409,Q8ZNA0,False,
477,STM2408,Q9RPF4,True,
478,STM0518,Q8ZR84,False,
479,STM0171,Q8ZRS0,False,3QY1
480,STM0170,O33799,True,1J7J
481,STM2809,P17328,True,
482,STM3553,Q8ZLF5,False,
483,STM0776,P22715,True,
484,STM0775,P22714,True,
485,STM0774,P22713,True,
486,STM0957,Q8ZQD6,False,
487,STM0956,Q8ZQD7,False,
488,STM0665,Q9ZF60,True,
489,STM0890,Q8XG72,False,
490,STM0891,Q7CQV0,False,
491,STM0888,Q8ZQJ1,False,
492,STM2832,Q8ZMK3,False,
493,STM1502,Q8ZPJ3,False,
494,STM3013,Q8ZMA2,False,
495,STM3112,Q8ZM39,True,
496,STM3010,Q8ZMA4,True,
497,STM2155,Q8ZNN4,True,
498,STM3016,Q8ZMA0,False,
499,STM4273,Q8ZKF8,True,
500,STM0047,Q8ZRY9,True,
501,STM2831,Q7CPY6,False,
502,STM2052,Q9XDN0,False,
503,STM0872,P0A1P8,True,
504,STM1377,Q7CQN4,True,
505,STM1378,P77983,True,
506,STM1477,Q7CQK4,False,
507,STM3380,Q7CPM0,False,
508,STM0878,Q8ZQJ9,False,
509,STM4568,Q7CP66,True,
510,STM3920,Q9L6R5,True,
511,STM2511,Q8ZN59,False,
512,STM4569,P63923,True,
513,STM2309,Q8ZNE8,True,
514,STM0880,Q8ZQJ7,False,
515,STM2399,P12681,True,
516,STM3926,Q9L6Q9,False,
517,STM3475,P0A229,True,
518,STM3474,Q8ZLK6,False,
519,STM3477,P25924,True,1PJT
520,STM3477,P25924,True,1PJQ
521,STM3477,P25924,True,1PJS
522,STM3476,P25926,True,
523,STM1479,Q8ZPL0,False,
524,STM3379,Q7CPM1,False,
525,STM3655,Q8ZL96,True,
526,STM2530,Q8ZN48,False,
527,STM3656,Q8ZL95,True,
528,STM3240,Q8ZLW3,False,
529,STM3795,Q7CPF3,False,
530,STM3796,Q8ZL15,False,
531,STM3250,Q8ZLV7,False,
532,STM3792,Q7CPF6,False,
533,STM1577,Q8ZPE1,False,
534,STM3353,Q03032,True,
535,STM2783,Q9FA48,False,
536,STM0517,Q8ZR85,False,
537,STM3921,Q9L6R4,True,
538,STM0515,Q8ZR87,True,
539,STM0837,Q7CQV7,False,
540,STM3556,Q8ZLF2,True,
541,STM3557,Q7CPK0,True,
542,STM3554,Q8ZLF4,True,
543,STM3555,Q8ZLF3,True,
544,STM0457,Q8ZRB6,True,
545,STM3551,Q8ZLF7,False,
546,STM1473,Q8ZPL4,False,
547,STM2833,Q8ZMK2,False,
548,STM1578,Q8ZPE0,False,
549,STM2383,Q8ZNB0,True,
550,STM2384,P58729,True,
551,STM4348,Q8ZKB1,True,
552,STM2834,Q8ZMK1,False,
553,STM2835,Q8ZMK0,False,
554,STM2388,Q8ZNA7,True,
555,STM2389,Q8ZNA6,True,
556,STM1570,Q8ZPE5,False,
557,STM4131,P40723,True,
558,STM4130,P37409,True,
559,STM2164,Q8ZNM9,False,
560,STM3150,Q7CPS8,False,
561,STM1779,P30753,True,
562,STM2016,Q05603,True,1D0S
563,STM2016,Q05603,True,1D0V
564,STM2016,Q05603,True,4KQI
565,STM2016,Q05603,True,4KQJ
566,STM2016,Q05603,True,1L5L
567,STM2016,Q05603,True,1L5M
568,STM2016,Q05603,True,1L5N
569,STM2016,Q05603,True,1L5O
570,STM2016,Q05603,True,1JH8
571,STM2016,Q05603,True,1L5K
572,STM2016,Q05603,True,1L5F
573,STM2016,Q05603,True,1JHM
574,STM2016,Q05603,True,1JHO
575,STM2016,Q05603,True,1L4H
576,STM2016,Q05603,True,1JHA
577,STM2016,Q05603,True,1JHY
578,STM2016,Q05603,True,1JHX
579,STM2016,Q05603,True,1JHU
580,STM2016,Q05603,True,1JHV
581,STM2016,Q05603,True,1JHQ
582,STM2016,Q05603,True,1JHP
583,STM2016,Q05603,True,1JHR
584,STM2016,Q05603,True,4KQH
585,STM2016,Q05603,True,1L4N
586,STM2016,Q05603,True,1L4M
587,STM2016,Q05603,True,1L4L
588,STM2016,Q05603,True,1L4K
589,STM2016,Q05603,True,4KQK
590,STM2016,Q05603,True,1L4G
591,STM2016,Q05603,True,1L4F
592,STM2016,Q05603,True,1L4E
593,STM2016,Q05603,True,1L4B
594,STM2016,Q05603,True,4KQF
595,STM2016,Q05603,True,4KQG
596,STM2017,Q05602,True,
597,STM1802,P06191,True,
598,STM1803,Q8ZP17,True,
599,STM3158,Q7CPS6,False,
600,STM3159,P0A1H7,True,
601,STM1806,Q8ZP14,True,
602,STM1807,P63993,True,
603,STM1772,P65215,True,
604,STM2934,Q8ZMF5,True,
605,STM4485,Q8ZK21,False,
606,STM4484,Q8ZK22,False,
607,STM1597,Q8ZPC9,True,
608,STM2205,Q7CQ78,False,
609,STM2204,Q8ZNK5,False,
610,STM4483,Q8ZK23,False,
611,STM4482,Q8ZK24,False,
612,STM2483,Q8ZN75,True,
613,STM0208,P40733,True,
614,STM1599,H9L442,False,
615,STM4090,Q8ZKP0,False,
616,STM3721,Q06995,True,
617,STM2018,Q05599,True,1C9K
618,STM2018,Q05599,True,1CBU
619,STM3723,H9L449,False,
620,STM3722,H9L435,False,
621,STM3725,Q8ZL48,True,
622,STM3724,Q8ZL49,False,
623,STM0206,Q8ZRP7,True,
624,STM2088,P26400,True,
625,STM1727,P00929,True,2TRS
626,STM1727,P00929,True,1CX9
627,STM1727,P00929,True,1A5A
628,STM1727,P00929,True,1K8Y
629,STM1727,P00929,True,1K8Z
630,STM1727,P00929,True,1A5B
631,STM1727,P00929,True,4HPX
632,STM1727,P00929,True,1TTQ
633,STM1727,P00929,True,1TTP
634,STM1727,P00929,True,2J9Z
635,STM1727,P00929,True,2J9Y
636,STM1727,P00929,True,1C9D
637,STM1727,P00929,True,1A5S
638,STM1727,P00929,True,2TSY
639,STM1727,P00929,True,1FUY
640,STM1727,P00929,True,1WBJ
641,STM1727,P00929,True,4HN4
642,STM1727,P00929,True,1UBS
643,STM1727,P00929,True,2WSY
644,STM1727,P00929,True,2RH9
645,STM1727,P00929,True,3CEP
646,STM1727,P00929,True,1TJP
647,STM1727,P00929,True,1KFC
648,STM1727,P00929,True,1C29
649,STM1727,P00929,True,1QOP
650,STM1727,P00929,True,2TYS
651,STM1727,P00929,True,1CW2
652,STM1727,P00929,True,1K8X
653,STM1727,P00929,True,1C8V
654,STM1727,P00929,True,1QOQ
655,STM1727,P00929,True,2RHG
656,STM1727,P00929,True,2CLM
657,STM1727,P00929,True,2CLL
658,STM1727,P00929,True,2CLO
659,STM1727,P00929,True,2CLI
660,STM1727,P00929,True,2CLH
661,STM1727,P00929,True,2CLK
662,STM1727,P00929,True,2CLE
663,STM1727,P00929,True,2J9X
664,STM1727,P00929,True,4HT3
665,STM1727,P00929,True,1K3U
666,STM1727,P00929,True,1K7X
667,STM1727,P00929,True,2CLF
668,STM1727,P00929,True,1KFJ
669,STM1727,P00929,True,1KFK
670,STM1727,P00929,True,1KFE
671,STM1727,P00929,True,1KFB
672,STM1727,P00929,True,3PR2
673,STM1727,P00929,True,4HPJ
674,STM1727,P00929,True,1BEU
675,STM1727,P00929,True,4KKX
676,STM1727,P00929,True,1BKS
677,STM1727,P00929,True,1K7E
678,STM1727,P00929,True,1A50
679,STM1727,P00929,True,1K7F
680,STM1800,Q8ZP18,False,
681,STM0124,Q8ZRU6,False,
682,STM1726,P0A2K1,True,2TRS
683,STM1726,P0A2K1,True,1CX9
684,STM1726,P0A2K1,True,1A5A
685,STM1726,P0A2K1,True,1K8Y
686,STM1726,P0A2K1,True,1K8Z
687,STM1726,P0A2K1,True,1A5B
688,STM1726,P0A2K1,True,4HPX
689,STM1726,P0A2K1,True,1TTQ
690,STM1726,P0A2K1,True,1TTP
691,STM1726,P0A2K1,True,2J9Z
692,STM1726,P0A2K1,True,2J9Y
693,STM1726,P0A2K1,True,1C9D
694,STM1726,P0A2K1,True,1A5S
695,STM1726,P0A2K1,True,2TSY
696,STM1726,P0A2K1,True,1FUY
697,STM1726,P0A2K1,True,1WBJ
698,STM1726,P0A2K1,True,4HN4
699,STM1726,P0A2K1,True,1UBS
700,STM1726,P0A2K1,True,2WSY
701,STM1726,P0A2K1,True,2RH9
702,STM1726,P0A2K1,True,3CEP
703,STM1726,P0A2K1,True,1TJP
704,STM1726,P0A2K1,True,1KFC
705,STM1726,P0A2K1,True,1C29
706,STM1726,P0A2K1,True,1QOP
707,STM1726,P0A2K1,True,2TYS
708,STM1726,P0A2K1,True,1CW2
709,STM1726,P0A2K1,True,1K8X
710,STM1726,P0A2K1,True,1C8V
711,STM1726,P0A2K1,True,1QOQ
712,STM1726,P0A2K1,True,2RHG
713,STM1726,P0A2K1,True,2CLM
714,STM1726,P0A2K1,True,2CLL
715,STM1726,P0A2K1,True,2CLO
716,STM1726,P0A2K1,True,2CLI
717,STM1726,P0A2K1,True,2CLH
718,STM1726,P0A2K1,True,2CLK
719,STM1726,P0A2K1,True,2CLE
720,STM1726,P0A2K1,True,2J9X
721,STM1726,P0A2K1,True,4HT3
722,STM1726,P0A2K1,True,1K3U
723,STM1726,P0A2K1,True,1K7X
724,STM1726,P0A2K1,True,2CLF
725,STM1726,P0A2K1,True,1KFJ
726,STM1726,P0A2K1,True,1KFK
727,STM1726,P0A2K1,True,1KFE
728,STM1726,P0A2K1,True,1KFB
729,STM1726,P0A2K1,True,3PR2
730,STM1726,P0A2K1,True,4HPJ
731,STM1726,P0A2K1,True,1BEU
732,STM1726,P0A2K1,True,4KKX
733,STM1726,P0A2K1,True,1BKS
734,STM1726,P0A2K1,True,1K7E
735,STM1726,P0A2K1,True,1A50
736,STM1726,P0A2K1,True,1K7F
737,STM0056,P58651,True,
738,STM3866,Q8ZKW8,True,
739,STM2091,P26397,True,1WVG
740,STM1777,P0A1Q6,True,
741,STM0532,Q8ZR72,False,
742,STM0429,P96062,True,4R6Y
743,STM0051,Q8ZRY7,True,
744,STM0427,P96064,True,
745,STM3884,P0A2C5,True,
746,STM1695,P36636,True,
747,STM0423,Q8ZRD0,False,
748,STM0422,Q8ZRD1,True,
749,STM0353,Q8ZRG7,False,
750,STM1771,Q8ZP32,False,
751,STM2847,Q8ZMJ1,False,
752,STM0589,Q8ZR36,False,
753,STM2337,P63411,True,3SK3
754,STM2337,P63411,True,3SLC
755,STM4433,Q8ZK50,False,
756,STM2935,P65672,True,
757,STM1057,Q8ZQ76,False,
758,STM2840,Q8ZMJ7,True,
759,STM1058,P25468,True,
760,STM0584,Q56064,True,
761,STM4004,P0A1E1,True,
762,STM2849,Q8ZMJ0,False,
763,STM2848,Q7CPY2,False,
764,STM2200,Q8ZNK9,False,
765,STM2326,P0A1Y6,True,
766,STM0420,Q7CR35,False,
767,STM2027,Q05590,True,
768,STM2526,P65534,True,
769,STM2522,O52765,True,
770,STM2523,P58671,True,
771,STM2443,P41032,True,
772,STM2442,Q8ZN87,False,
773,STM2441,P40860,True,
774,STM2440,P29848,True,2JC3
775,STM2528,Q8ZN50,False,
776,STM2529,Q8ZN49,False,
777,STM2444,P41031,True,
778,STM3909,P05989,True,
779,STM0637,Q8ZR02,False,
780,STM3901,Q9L6T2,False,
781,STM2327,Q7CQ50,True,
782,STM3903,P0A1A5,True,
783,STM2206,P17127,True,
784,STM3541,Q8ZLG3,False,
785,STM3904,P40810,True,
786,STM0684,Q8ZQX7,True,
787,STM0229,Q8ZRN9,True,
788,STM0228,P32200,True,
789,STM0739,Q8ZQU0,False,
790,STM0738,P66869,True,
791,STM0733,Q7CQX5,False,
792,STM0220,Q8ZRP3,True,
793,STM0730,O68883,True,
794,STM0737,Q7CQX4,False,
795,STM0736,Q8ZQU1,False,
796,STM0227,P0A1H9,True,
797,STM0734,Q8ZQU3,True,
798,STM3256,Q8ZLV2,False,
799,STM0086,Q8ZRW2,True,
800,STM1106,Q8ZQ47,True,
801,STM2087,P26401,True,
802,STM2324,P33901,True,
803,STM2864,H9L416,False,
804,STM3401,Q8ZLN1,True,
805,STM2188,Q56036,True,
806,STM2988,Q8ZMC0,False,
807,STM0741,Q7CQX3,False,
808,STM1238,Q8ZPZ0,False,
809,STM1235,Q8ZPZ3,False,
810,STM0832,P0CL04,True,
811,STM2984,Q8ZMC3,False,
812,STM1232,Q8ZPZ6,False,4NSL
813,STM3720,P40824,True,
814,STM1211,Q8ZQ05,False,
815,STM1556,Q8ZPF4,False,
816,STM3338,P0A2G5,True,
817,STM3339,Q8ZLQ6,True,
818,STM0125,Q8ZRU5,True,
819,STM0128,Q8ZRU3,True,
820,STM0640,Q8ZR00,False,
821,STM0126,Q8ZRU4,True,
822,STM3997,P0A2H9,True,3L9S
823,STM3330,Q8ZLR4,False,
824,STM3331,Q8ZLR3,False,
825,STM3336,Q8ZLQ8,True,
826,STM3337,Q8ZLQ7,True,3IGS
827,STM1044,P0CW86,True,1EQW
828,STM0648,Q8ZQZ6,True,
829,STM3512,Q8ZLI6,False,
830,STM3513,Q8ZLI5,False,
831,STM3040,P28354,True,
832,STM1215,Q8ZQ02,False,
833,STM3514,Q8ZLI4,False,
834,STM3043,P55890,True,4I5Q
835,STM3043,P55890,True,4ILF
836,STM0689,P0A2G3,True,
837,STM3161,P18949,True,
838,STM3692,Q8ZL63,True,
839,STM2065,P37600,True,
840,STM3694,Q8ZL61,True,
841,STM3165,Q8ZM06,True,
842,STM1385,Q7CQM9,True,
843,STM0428,P96063,True,
844,STM0129,Q8ZRU2,True,
845,STM0757,P24520,True,
846,STM1731,H9L462,False,
847,STM0464,Q8ZRB2,False,
848,STM3195,P66032,True,3LRJ
849,STM3195,P66032,True,3LQU
850,STM3195,P66032,True,3LS6
851,STM3190,P67470,True,
852,STM1737,P25945,True,
853,STM1301,Q8ZPV3,False,
854,STM1739,P63798,True,
855,STM1303,Q8ZPV2,True,
856,STM1305,Q8ZPV0,True,
857,STM1304,Q8ZPV1,True,
858,STM1307,Q8ZPU8,True,
859,STM1306,Q8ZPU9,True,
860,STM3589,Q7CPJ2,False,
861,STM0850,Q8ZQM2,True,
862,STM4475,Q8ZK31,True,
863,STM1297,Q8ZPV5,True,
864,STM0851,Q7CQV4,True,
865,STM0643,P39701,True,
866,STM3583,Q8ZLE2,True,
867,STM2328,Q7CQ49,True,
868,STM1490,Q8ZPK5,True,
869,STM3862,Q8ZKX0,True,
870,STM3355,Q7CPN1,False,
871,STM3763,P22036,True,
872,STM0057,P0A2F8,True,
873,STM2366,Q7CQ41,True,
874,STM1498,Q8ZPJ7,False,
875,STM1945,Q7CQB9,True,
876,STM2365,Q8ZNC0,False,
877,STM2362,Q8ZNC2,False,
878,STM4416,Q8ZK66,False,
879,STM4451,Q9L645,True,
880,STM3567,P17215,True,
881,STM3665,Q8ZL86,False,3G7Q
882,STM0788,Q8ZQR1,True,
883,STM3564,P0A1W6,True,
884,STM3563,P0A2J1,True,
885,STM3562,P30296,True,
886,STM3561,P0A193,True,
887,STM3560,P0A191,True,
888,STM0782,Q7CQW7,False,
889,STM0783,Q8ZQR6,True,
890,STM0781,Q8ZQR7,False,
891,STM3603,Q8ZLC8,True,
892,STM0785,Q8ZQR4,True,
893,STM4166,Q9L9I5,True,
894,STM4167,Q9L9I4,True,
895,STM4164,Q9L9I7,True,
896,STM4162,Q9L9I9,False,
897,STM4163,Q9L9I8,True,
898,STM4160,Q9L9J1,True,
899,STM4161,Q9L9J0,False,
900,STM4045,Q8ZKS1,True,
901,STM4047,P27030,True,
902,STM4046,P27031,True,
903,STM0542,P58688,True,
904,STM1832,Q8ZP02,False,
905,STM1831,Q7CQD8,False,
906,STM1830,Q8ZP03,False,
907,STM2960,Q8ZMD9,False,
908,STM2961,Q8ZMD8,False,
909,STM2962,Q8ZMD7,False,
910,STM0426,P96065,True,
911,STM1933,Q8ZNU6,False,
912,STM1426,Q8ZPP1,False,
913,STM1427,Q7CQL0,False,
914,STM2807,Q08698,True,1PEQ
915,STM2807,Q08698,True,2BQ1
916,STM2807,Q08698,True,1PEM
917,STM2807,Q08698,True,1PEU
918,STM2807,Q08698,True,1PEO
919,STM1937,Q7CQC0,False,
920,STM3614,P50334,True,
921,STM2489,Q8ZN71,True,3G0S
922,STM4349,Q8ZKB0,True,2RCN
923,STM2487,P65889,True,
924,STM2773,Q8ZMN4,False,
925,STM4342,Q8ZKB4,False,
926,STM4343,Q7CP97,False,
927,STM4340,P67645,True,
928,STM4341,P67638,True,
929,STM2641,Q8ZMX9,True,
930,STM3867,Q7CPE1,True,
931,STM3864,P0A1B7,True,
932,STM3865,Q7CPE2,True,
933,STM2645,Q8ZMX5,True,
934,STM3861,Q8ZKX1,True,
935,STM2649,Q8ZMX4,False,
936,STM3947,P0A1F2,True,
937,STM0059,Q7CR91,True,
938,STM2565,P74881,True,3UJN
939,STM2565,P74881,True,1T3T
940,STM2565,P74881,True,3UGJ
941,STM2565,P74881,True,4L78
942,STM2565,P74881,True,4MGH
943,STM2565,P74881,True,3UMM
944,STM2565,P74881,True,4R7G
945,STM2565,P74881,True,4LGY
946,STM3868,Q7CPE5,True,
947,STM3869,Q7CPE4,True,
948,STM4290,P40862,True,
949,STM0588,Q8ZR37,False,
950,STM1221,P0A2F2,True,
951,STM4294,P60066,True,3NCY
952,STM4296,Q8ZKE3,False,
953,STM4298,P30877,True,
954,STM4299,P30878,True,4M64
955,STM0261,Q8ZRM2,True,2QED
956,STM0309,Q8ZRJ7,True,
957,STM1160,P58525,True,
958,STM1163,P06204,True,3JZE
959,STM1165,Q7CQR3,False,3IR4
960,STM0666,O87576,True,
961,STM0067,P14846,True,
962,STM0066,P14845,True,
963,STM0064,Q8ZRX8,True,
964,STM1105,Q7CQS5,False,
965,STM1888,Q8ZNW0,True,
966,STM0061,Q8ZRY1,False,1XR4
967,STM0060,Q8ZRY2,False,
968,STM3685,Q7CPI1,False,
969,STM0506,Q8ZR91,False,
970,STM3316,Q8ZLS0,True,
971,STM3051,Q8ZM78,False,
972,STM2332,Q8ZNE0,True,
973,STM3260,Q8ZLU8,False,
974,STM3261,Q8ZLU7,False,
975,STM2415,P0A2K3,True,
976,STM2063,P37602,True,
977,STM2026,Q05591,True,
978,STM0628,Q8ZR06,True,
979,STM1499,Q8ZPJ6,False,
980,STM4425,Q8ZK57,True,3EC7
981,STM2098,P0A2K7,True,
982,STM0161,P65207,True,
983,STM0166,Q8ZRS3,True,
984,STM4007,P0A1P6,True,1F1H
985,STM4007,P0A1P6,True,1F52
986,STM4007,P0A1P6,True,2GLS
987,STM4007,P0A1P6,True,2LGS
988,STM4007,P0A1P6,True,1FPY
989,STM4007,P0A1P6,True,1LGR
990,STM0165,Q8ZRS4,True,
991,STM0168,Q8ZRS2,True,
992,STM0169,Q8ZRS1,False,
993,STM1539,Q8ZPG9,False,4C3O
994,STM0585,Q8ZR40,False,
995,STM2062,P37604,True,
996,STM4227,P26468,True,
997,STM0608,P0A251,True,1N8J
998,STM0608,P0A251,True,1YEP
999,STM0608,P0A251,True,4MA9
1000,STM0608,P0A251,True,1YEX
1001,STM0608,P0A251,True,4MAB
1002,STM0608,P0A251,True,1YF0
1003,STM0608,P0A251,True,1YF1
1004,STM0608,P0A251,True,3EMP
1005,STM0760,Q8ZQT2,False,
1006,STM4220,Q8ZKI5,False,
1007,STM0762,Q8ZQT0,False,
1008,STM1764,Q8ZP37,False,
1009,STM4584,P39432,True,1U14
1010,STM4585,Q8ZJU8,True,
1011,STM1117,O33921,True,
1012,STM4229,P19576,True,3JYR
1013,STM4228,P26467,True,
1014,STM4582,P39434,True,
1015,STM0609,P19480,True,1HYU
1016,STM0609,P19480,True,1ZYP
1017,STM0609,P19480,True,1ZYN
1018,STM3009,Q8ZMA5,True,
1019,STM3205,P67388,True,
1020,STM3001,Q8ZMA9,True,
1021,STM2083,P26405,True,
1022,STM2393,Q8ZNA4,False,
1023,STM3987,Q9L6L1,True,
1024,STM0840,Q8ZQM8,False,
1025,STM0843,Q8ZQM6,False,
1026,STM0842,Q7CQV6,False,
1027,STM1349,Q8ZPS3,False,
1028,STM0844,Q8ZQM5,False,
1029,STM0847,Q7CQV5,True,
1030,STM3661,Q8ZL90,True,
1031,STM0849,Q8ZQM3,True,
1032,STM0848,Q8ZQM4,True,
1033,STM1347,Q8ZPS4,True,
1034,STM4066,Q8ZKR2,False,1TYY
1035,STM4066,Q8ZKR2,False,1TZ3
1036,STM4066,Q8ZKR2,False,1TZ6
1037,STM1341,Q7CQN7,False,
1038,STM1340,Q8ZPS8,True,
1039,STM1342,P63351,True,
1040,STM0123,Q8ZRU7,True,
1041,STM3244,P11954,True,2GN2
1042,STM3244,P11954,True,2GN1
1043,STM3244,P11954,True,2GN0
1044,STM3091,Q7CPT9,False,
1045,STM3090,P66764,True,
1046,STM2862,H9L493,False,
1047,STM3095,P58580,True,
1048,STM3923,Q9L6R2,False,
1049,STM0441,Q8ZRC3,False,
1050,STM2392,Q7CQ32,False,
1051,STM2095,P26393,True,3PKP
1052,STM2095,P26393,True,3PKQ
1053,STM2095,P26393,True,1MP3
1054,STM2095,P26393,True,1MP4
1055,STM2095,P26393,True,1MP5
1056,STM2095,P26393,True,1IIM
1057,STM2095,P26393,True,1IIN
1058,STM3468,P40732,True,2PB0
1059,STM3468,P40732,True,4JEW
1060,STM3468,P40732,True,2PB2
1061,STM3468,P40732,True,4JEV
1062,STM3468,P40732,True,4JEY
1063,STM3468,P40732,True,4JEX
1064,STM3468,P40732,True,4JEZ
1065,STM3468,P40732,True,4JF0
1066,STM3468,P40732,True,4JF1
1067,STM3469,P06193,True,
1068,STM0113,P15875,True,
1069,STM0112,P37412,True,1CNZ
1070,STM0111,P15717,True,
1071,STM0110,P04787,True,
1072,STM1929,P0CL50,True,
1073,STM2097,P26391,True,1G1A
1074,STM2097,P26391,True,1KEW
1075,STM2097,P26391,True,1KEU
1076,STM3225,Q8ZLX1,True,
1077,STM3134,Q7CPT3,False,
1078,STM3135,P0A2M7,True,
1079,STM3136,Q7CPT2,False,
1080,STM3137,Q8ZM23,True,3IAC
1081,STM3646,Q8ZLA1,True,
1082,STM3922,Q9L6R3,False,
1083,STM3644,Q8ZLA2,False,
1084,STM0163,P58718,True,2HI1
1085,STM2827,Q8ZMK6,True,
1086,STM2051,Q9XDN1,False,
1087,STM2791,Q8ZMM2,False,
1088,STM3486,P77980,True,
1089,STM1193,O85139,True,
1090,STM1194,O85140,True,3H0P
1091,STM1195,P0A2C9,True,
1092,STM1196,P0A6B1,True,
1093,STM1197,Q8ZQ14,False,
1094,STM1198,Q7CQR1,False,
1095,STM2040,P37450,True,
1096,STM3526,Q8ZLH4,False,
1097,STM3525,P64251,True,
1098,STM4105,P11003,True,
1099,STM1463,Q8ZPL9,True,
1100,STM1223,Q7CQQ6,False,
1101,STM1467,P25081,True,2WFP
1102,STM1467,P25081,True,3H1Y
1103,STM1467,P25081,True,3H1W
1104,STM1467,P25081,True,3H1M
1105,STM1468,P40720,True,
1106,STM4123,Q8ZKL6,True,
1107,STM4120,Q8ZKL9,True,
1108,STM4121,Q8ZKL8,True,2G17
1109,STM4126,P66008,True,
1110,STM1313,Q8ZPU4,False,
1111,STM4578,Q7CP65,False,
1112,STM1749,Q8ZP45,False,
1113,STM2147,P55883,True,
1114,STM1299,P15111,True,
1115,STM2029,P0A2G9,True,
1116,STM2028,Q05631,True,
1117,STM2141,Q7CQ97,False,
1118,STM1293,Q8ZPV8,False,
1119,STM2024,Q05593,True,
1120,STM1743,P04285,True,
1121,STM1742,P08007,True,
1122,STM1745,P08005,True,
1123,STM1744,P08006,True,
1124,STM1294,Q8ZPV7,False,
1125,STM2356,P0A245,True,
1126,STM2355,P02911,True,1LAH
1127,STM2355,P02911,True,1LST
1128,STM2355,P02911,True,2LAO
1129,STM2355,P02911,True,1LAF
1130,STM2355,P02911,True,1LAG
1131,STM2354,P02910,True,1HPB
1132,STM2353,P0A2I9,True,
1133,STM2352,P0A2I7,True,
1134,STM2351,P02915,True,1B0U
1135,STM3179,Q8ZLZ8,False,
1136,STM0965,Q7CQU3,False,
1137,STM0772,Q8ZQS2,True,
1138,STM3635,P43666,True,
1139,STM3829,Q8ZKZ0,False,
1140,STM3630,Q8ZLA9,False,
1141,STM3822,Q8ZKZ7,True,
1142,STM3823,Q8ZKZ6,False,
1143,STM3827,Q8ZKZ2,False,
1144,STM3731,P64008,True,
1145,STM4016,Q9L7R3,True,
1146,STM4398,Q8ZK77,False,
1147,STM0434,P37402,True,
1148,STM1686,Q8ZP62,False,
1149,STM1680,Q8ZP67,False,
1150,STM1681,Q8ZP66,False,
1151,STM0432,Q7ZAP3,True,
1152,STM2322,Q60010,True,
1153,STM1901,Q8ZNV2,True,
1154,STM1900,Q8ZNV3,False,
1155,STM2850,Q8ZMI9,False,
1156,STM2851,Q8ZMI8,False,
1157,STM2852,Q7CPY1,False,
1158,STM2325,P0A1Y8,True,
1159,STM4221,Q8ZKI4,True,
1160,STM1909,P0CL51,True,
1161,STM1517,Q56072,True,
1162,STM2285,Q8ZNG4,True,
1163,STM1511,P69936,True,
1164,STM4403,P26265,True,
1165,STM0761,Q8ZQT1,False,
1166,STM4279,Q8ZKF3,False,
1167,STM4277,Q8ZKF5,True,
1168,STM4275,Q8ZKF6,True,2P2F
1169,STM4275,Q8ZKF6,True,2P2B
1170,STM4275,Q8ZKF6,True,2P2M
1171,STM4275,Q8ZKF6,True,2P2J
1172,STM4275,Q8ZKF6,True,2P20
1173,STM4275,Q8ZKF6,True,2P2Q
1174,STM4275,Q8ZKF6,True,1PG4
1175,STM4275,Q8ZKF6,True,1PG3
1176,STM0935,Q8ZQF0,False,
1177,STM0934,Q8ZQF1,False,
1178,STM2458,P19264,True,
1179,STM2510,Q8ZN60,True,
1180,STM3915,P0AA28,True,
1181,STM3913,P0A267,True,
1182,STM2450,P33772,True,
1183,STM2451,P33771,True,
1184,STM2084,P26404,True,
1185,STM1765,Q8ZP36,False,
1186,STM3918,Q9L6R7,True,
1187,STM3919,O33789,True,
1188,STM0234,Q8ZRN7,False,
1189,STM0235,Q8ZRN6,False,
1190,STM0232,P0A1C3,True,
1191,STM3859,Q8ZKX3,False,
1192,STM3857,Q8ZKX5,False,
1193,STM0607,Q8ZR22,False,
1194,STM3855,Q8ZKX6,False,
1195,STM3854,P63365,True,
1196,STM4175,P26977,True,
1197,STM0483,Q8ZRA2,True,
1198,STM4301,Q8ZKE1,False,
1199,STM4306,Q8ZKD6,False,
1200,STM4307,Q8ZKD5,False,
1201,STM0042,Q8ZRZ1,False,
1202,STM0489,P37408,True,
1203,STM0488,P0A1V4,True,
1204,STM0330,Q8ZRI9,True,
1205,STM3295,Q8ZLS8,False,
1206,STM3294,Q7CPP9,True,
1207,STM3856,Q7CPE6,False,
1208,STM3359,P25077,True,
1209,STM3536,P05415,True,
1210,STM2543,Q8ZN40,True,
1211,STM3354,Q7CPN2,False,
1212,STM0598,Q8ZR30,False,
1213,STM3356,Q8ZLP9,False,
1214,STM3351,Q03031,True,
1215,STM3352,Q03030,True,
1216,STM1450,Q8ZPM8,True,
1217,STM2573,Q8ZN23,False,
1218,STM2021,Q05598,True,
1219,STM1222,P0A2C7,True,
1220,STM2546,P58537,True,
1221,STM1220,Q8ZPZ9,True,2AP1
1222,STM1792,Q8ZP24,False,
1223,STM1226,P40790,True,
1224,STM1225,P0CL49,True,
1225,STM2232,Q8ZNJ3,False,
1226,STM1788,Q8ZP26,False,
1227,STM2035,P29946,True,
1228,STM1580,Q8ZPD8,False,
1229,STM3599,Q8ZLD2,False,
1230,STM0158,Q8ZRS8,True,
1231,STM4570,Q8ZJV7,True,
1232,STM0153,Q8ZRT1,False,
1233,STM0152,Q8ZRT2,False,
1234,STM0150,P0CK99,True,
1235,STM0659,Q8ZQY6,False,
1236,STM0154,Q8ZRT0,False,
1237,STM3070,Q7CPU5,True,
1238,STM2549,P26475,True,
1239,STM0055,Q03030,True,
1240,STM0691,Q8ZQX3,False,
1241,STM3076,Q8ZM63,False,
1242,STM3078,P60656,True,
1243,STM3173,P0A257,True,
1244,STM0787,Q8ZQR2,True,
1245,STM4325,Q8ZKC2,False,
1246,STM1316,Q8ZPU2,False,
1247,STM0221,Q8ZRP2,True,
1248,STM1314,Q8ZPU3,False,
1249,STM4280,Q8ZKF2,False,
1250,STM1099,Q8ZQ50,False,
1251,STM1098,Q8ZQ51,True,
1252,STM1310,Q8ZPU5,True,3HMQ
1253,STM0732,P63725,True,
1254,STM2076,P10372,True,5AHF
1255,STM2076,P10372,True,5A5W
1256,STM2076,P10372,True,5AHE
1257,STM1384,Q9Z4S7,True,
1258,STM2030,Q05632,True,
1259,STM1318,H9L460,False,
1260,STM3828,Q8ZKZ1,True,
1261,STM0690,P37463,True,
1262,STM1579,Q8ZPD9,False,
1263,STM0222,Q7CR63,False,
1264,STM0704,Q8ZQW3,True,
1265,STM1259,H9L4A2,False,
1266,STM1258,H9L415,False,
1267,STM1257,Q7CQQ4,False,
1268,STM1256,Q8ZPY2,False,
1269,STM1707,P07691,True,
1270,STM1700,P16657,True,
1271,STM2954,Q8ZME4,False,
1272,STM3598,Q8ZLD3,False,
1273,STM2109,H9L499,False,
1274,STM3457,Q8ZLL3,True,
1275,STM0735,Q8ZQU2,True,
1276,STM0694,Q8ZQX1,True,
1277,STM2101,H9L433,False,
1278,STM2107,Q9F7A2,True,
1279,STM2104,P26341,True,
1280,STM2022,Q05595,True,
1281,STM2319,Q7CQ53,True,
1282,STM2318,Q8ZNE2,False,
1283,STM1893,Q8ZNV6,False,
1284,STM1489,Q8ZPK6,True,
1285,STM1954,H9L419,False,
1286,STM4182,P37413,True,
1287,STM2310,Q8ZNE7,False,
1288,STM4184,P51066,True,
1289,STM1480,Q7CQK3,False,
1290,STM3390,Q8ZLN5,False,
1291,STM3576,Q8ZLE5,False,
1292,STM1796,Q8ZP20,True,
1293,STM2457,P19265,True,
1294,STM3391,Q8ZLN4,False,
1295,STM3673,Q8ZL79,False,
1296,STM3672,Q8ZL80,False,
1297,STM2081,P14062,True,
1298,STM2080,Q04873,True,
1299,STM3677,Q8ZL75,False,
1300,STM2086,P26402,True,
1301,STM3675,Q8ZL77,False,
1302,STM3674,Q8ZL78,False,
1303,STM1002,P40817,True,
1304,STM1000,P58696,True,
1305,STM1004,P22253,True,
1306,STM1557,Q8ZPF3,False,
1307,STM2788,Q8ZMM4,False,
1308,STM4050,P27135,True,
1309,STM2108,Q8XGS8,False,
1310,STM4055,P43019,True,
1311,STM2818,O68838,True,
1312,STM2077,P0A1R2,True,
1313,STM2953,P65921,True,
1314,STM2952,P64076,True,
1315,STM1824,P12680,True,
1316,STM2073,P10369,True,
1317,STM3680,Q8ZL72,False,
1318,STM2071,P00499,True,
1319,STM2810,P17327,True,
1320,STM2811,Q8ZML1,False,
1321,STM1799,Q7CQE4,True,
1322,STM2078,P10367,True,
1323,STM2817,Q9L4T0,True,
1324,STM2555,P0A2E1,True,3GBX
1325,STM2554,Q7CQ09,False,
1326,STM2556,P26353,True,
1327,STM2498,P0A2M5,True,
1328,STM2550,P0A1Y2,True,
1329,STM3671,Q7CPI2,False,
1330,STM2497,H9L4A5,False,
1331,STM2559,P0A1Z0,True,
1332,STM2558,Q8ZN34,False,
1333,STM2492,Q8ZN69,False,
1334,STM0683,Q8ZQX8,False,
1335,STM2474,Q8ZN82,False,
1336,STM0680,Q8ZQY0,False,
1337,STM2793,Q8ZMM0,False,
1338,STM2792,Q8ZMM1,False,
1339,STM0685,Q8ZQX6,False,
1340,STM3700,P0A1P2,True,
1341,STM3952,P0A2R8,True,
1342,STM2654,Q8ZMX1,False,
1343,STM2652,Q7CQ03,False,
1344,STM3957,P0A231,True,
1345,STM3709,P37419,True,
1346,STM3708,Q8ZL52,True,
1347,STM0372,Q7CR48,False,
1348,STM0371,P55912,True,
1349,STM0370,P74840,True,
1350,STM4453,Q8ZK40,False,
1351,STM1679,Q8ZP68,False,
1352,STM2196,Q8ZNL3,False,
1353,STM3597,Q8ZLD4,False,
1354,STM2252,Q8XGY0,False,
1355,STM1076,P65350,True,
1356,STM2256,Q7CQ61,False,
1357,STM2257,Q8ZNH8,False,
1358,STM2254,P61378,True,
1359,STM2255,Q8ZNH9,False,
1360,STM0074,Q8ZRX1,True,
1361,STM2258,Q8ZNH7,False,
1362,STM2259,Q8ZNH6,True,
1363,STM0070,Q8ZRX5,True,
1364,STM0071,Q8ZRX4,True,
1365,STM0072,Q8ZRX3,True,
1366,STM4459,P08421,True,
1367,STM4247,P0A1A3,True,
1368,STM0190,Q8ZRQ3,False,
1369,STM1291,P65449,True,
1370,STM2338,Q8ZND6,True,
1371,STM0439,Q8ZRC4,True,
1372,STM3253,Q7CPQ7,True,
1373,STM3255,Q8ZLV3,False,
1374,STM1928,P0CL06,True,
1375,STM4249,P58683,True,
1376,STM3880,Q8ZKW1,True,
1377,STM2421,Q8ZN95,False,
1378,STM0830,Q7CQW0,False,
1379,STM2427,Q8ZN89,True,
1380,STM2050,Q8ZNR5,False,
1381,STM1582,Q00267,True,1E2T
1382,STM0877,Q8ZQK0,False,
1383,STM3929,P37457,True,
1384,STM3928,P37458,True,
1385,STM3927,Q9L6Q8,True,
1386,STM3747,Q7CPH2,False,
1387,STM3802,Q8ZL08,True,3R0Z
1388,STM3802,Q8ZL08,True,3R0X
1389,STM0194,O87656,True,
1390,STM0193,Q8ZRQ0,False,
1391,STM0192,Q8ZRQ1,False,
1392,STM0191,Q8ZRQ2,False,
1393,STM3746,Q8ZL37,False,
1394,STM0618,Q8ZR15,False,
1395,STM4233,Q8ZKI0,True,
1396,STM4230,P19566,True,
1397,STM4231,P26466,True,1MPR
1398,STM4231,P26466,True,2MPR
1399,STM4236,Q7CPB3,False,
1400,STM0978,P07637,True,
1401,STM4234,Q7CPB4,True,
1402,STM4235,Q8ZKH9,True,
1403,STM0207,P60217,True,
1404,STM0758,Q8ZQT3,True,
1405,STM0977,P55900,True,3QM2
1406,STM3883,Q7CPD9,False,
1407,STM0203,Q8ZRP8,True,1KPL
1408,STM0202,P0CL07,True,
1409,STM0973,Q7CQU1,False,
1410,STM4183,Q8ZKL4,False,
1411,STM3409,P0A2J9,True,
1412,STM2297,Q8ZNF3,True,1MDO
1413,STM2297,Q8ZNF3,True,1MDZ
1414,STM2297,Q8ZNF3,True,1MDX
1415,STM2317,Q8ZNE3,False,
1416,STM3407,Q8ZLM6,True,
1417,STM1312,Q7CQP2,False,
1418,STM4388,Q8ZK85,True,
1419,STM1103,Q9RPU7,False,
1420,STM1358,P58687,True,4GUH
1421,STM1358,P58687,True,4GUI
1422,STM1358,P58687,True,4GUJ
1423,STM1358,P58687,True,3LB0
1424,STM1358,P58687,True,3S42
1425,STM1358,P58687,True,3OEX
1426,STM1358,P58687,True,3L2I
1427,STM1358,P58687,True,4GFS
1428,STM1358,P58687,True,4GUF
1429,STM1358,P58687,True,4GUG
1430,STM1358,P58687,True,3NNT
1431,STM1358,P58687,True,3M7W
1432,STM1358,P58687,True,3O1N
1433,STM1358,P58687,True,4IUO
1434,STM1359,Q8ZPR4,True,3T4E
1435,STM0964,Q8ZQD3,False,
1436,STM1786,Q8ZP28,False,
1437,STM0592,Q7CQZ9,False,
1438,STM0226,P0A1X4,True,
1439,STM1350,Q8ZPS2,False,
1440,STM2646,Q7CQ05,True,
1441,STM0591,Q7CR00,False,
1442,STM0999,P37432,True,4KRA
1443,STM0999,P37432,True,3NSG
1444,STM0999,P37432,True,4KR4
1445,STM0999,P37432,True,4KR8
1446,STM0998,P58661,True,
1447,STM1627,Q8ZPA8,False,
1448,STM0590,Q7CR01,False,
1449,STM3086,P60659,True,
1450,STM0597,Q8ZR31,False,
1451,STM1135,Q8ZQ30,True,3PP8
1452,STM1135,Q8ZQ30,True,3KBO
1453,STM0472,Q8ZRA8,False,
1454,STM2094,P26394,True,1DZR
1455,STM2094,P26394,True,1DZT
1456,STM0401,Q8ZRE0,False,
1457,STM0106,Q8ZRV2,True,
1458,STM0107,Q8ZRV1,False,
1459,STM3314,Q8ZLS2,False,
1460,STM3315,Q8ZLS1,True,
1461,STM0102,P06189,True,
1462,STM0039,Q8ZRZ3,True,
1463,STM0046,Q8ZRZ0,True,
1464,STM0108,Q7CR85,False,
1465,STM0664,Q7CQY8,False,
1466,STM3103,Q8ZM45,True,
1467,STM0402,Q7CR42,False,
1468,STM3106,Q7CPT7,False,
1469,STM2047,Q9XDN5,True,
1470,STM2044,Q8ZNR6,False,
1471,STM2043,O31043,False,
1472,STM2042,O31042,True,
1473,STM2041,O31041,True,
1474,STM4387,Q8ZK86,True,
1475,STM3538,Q8ZLG5,True,
1476,STM3539,P0A1F8,True,
1477,STM2298,O52324,True,
1478,STM2082,P26406,True,
1479,STM0535,Q8ZR69,True,
1480,STM0534,Q8ZR70,False,
1481,STM0537,Q8ZR68,True,
1482,STM2299,O52325,True,
1483,STM3534,Q8ZLG7,False,
1484,STM3535,P05416,True,
1485,STM0533,Q8ZR71,False,
1486,STM3537,Q8ZLG6,True,
1487,STM1756,Q8ZP42,False,
1488,STM2775,Q8ZMN2,False,
1489,STM2916,Q7CPW8,False,
1490,STM1752,Q7CQF2,False,
1491,STM3885,Q8ZKV8,False,
1492,STM1750,Q7CQF3,True,
1493,STM1326,Q8ZPT5,False,
1494,STM0645,Q8ZQZ8,True,
1495,STM1288,Q8ZPW0,False,
1496,STM0644,P97084,True,1LC7
1497,STM0644,P97084,True,1LC5
1498,STM0644,P97084,True,1LKC
1499,STM0644,P97084,True,1LC8
1500,STM2085,P26403,True,
1501,STM2032,Q05628,True,
1502,STM2033,Q05601,True,
1503,STM0134,Q8ZRT9,True,
1504,STM2031,P0A2H1,True,
1505,STM3039,Q8ZM82,True,3HYQ
1506,STM2037,P37451,True,
1507,STM2034,Q05600,True,
1508,STM3925,Q9L6R0,False,
1509,STM2340,Q8ZND5,False,
1510,STM2341,Q8ZND4,False,
1511,STM4469,Q08016,True,
1512,STM1576,P37593,True,
1513,STM4467,Q8ZK33,True,
1514,STM4466,Q8ZK34,False,
1515,STM4465,Q8ZK35,True,
1516,STM2260,Q7CQ60,False,
1517,STM2267,P0A263,True,
1518,STM1333,Q8ZPS9,True,
1519,STM4460,P0A1Z4,True,
1520,STM1269,H9L410,False,
1521,STM3626,Q8ZLB2,False,
1522,STM3627,Q8ZLB1,False,
1523,STM3305,Q7CPP6,False,
1524,STM3333,Q8ZLR1,False,
1525,STM3742,Q8ZL41,False,
1526,STM3740,Q9X6M5,True,
1527,STM3628,Q8ZLB0,False,
1528,STM3629,Q7CPI6,False,
1529,STM4063,P02906,True,1SBP
1530,STM4062,P65692,True,
1531,STM4061,Q8ZKR4,True,
1532,STM2295,Q8ZNF5,True,3OGA
1533,STM2295,Q8ZNF5,True,3N77
1534,STM4115,Q8ZKM3,False,
1535,STM3481,P0A2P2,True,
1536,STM4064,P26219,True,
1537,STM4382,Q7CP92,True,
1538,STM0122,Q7CR83,False,
1539,STM0403,Q7CR41,True,
1540,STM4114,Q8ZKM4,False,
1541,STM4386,Q8ZK87,True,
1542,STM3529,Q8ZLH1,False,
1543,STM4384,Q8ZK89,True,
1544,STM4385,Q8ZK88,True,
1545,STM2861,Q7CPX8,False,
1546,STM2863,H9L4A7,False,
1547,STM3487,P63601,True,
1548,STM4414,P65748,True,
1549,STM0054,Q8ZRY4,True,
1550,STM2930,Q8ZMF6,True,
1551,STM0431,P96060,True,1M32
1552,STM1522,P58531,True,
1553,STM1525,Q8ZPI2,True,
1554,STM4119,Q8ZKM0,True,
1555,STM2683,P65774,True,2AN1
1556,STM4415,Q8ZK67,True,
