,p_resolution,p_experiment,p_doi,p_chemicals,p_chain_uniprot_map,p_chains,p_pmid,p_space_group,p_deposition_date,p_ec_numbers
3FCP,1.8,X-RAY DIFFRACTION,,['MG'],"{'A': ['A6T9N5'], 'C': ['A6T9N5'], 'B': ['A6T9N5'], 'E': ['A6T9N5'], 'D': ['A6T9N5'], 'G': ['A6T9N5'], 'F': ['A6T9N5'], 'H': ['A6T9N5']}","['A', 'C', 'B', 'E', 'D', 'G', 'F', 'H']",,P 1 21 1,22-NOV-08,
3GDZ,2.2,X-RAY DIFFRACTION,,"['EDO', 'MSE']","{'A': ['A6TB43'], 'C': ['A6TB43'], 'B': ['A6TB43'], 'D': ['A6TB43']}","['A', 'C', 'B', 'D']",,P 1 21 1,24-FEB-09,"[('A', ['6.1.1.19']), ('C', ['6.1.1.19']), ('B', ['6.1.1.19']), ('D', ['6.1.1.19'])]"
3JYF,2.43,X-RAY DIFFRACTION,,"['MSE', 'EPE', 'TAM', 'GOL', 'SO4', 'MN']","{'A': ['A6THC4'], 'B': ['A6THC4']}","['A', 'B']",,P 41 21 2,21-SEP-09,
3K2V,1.95,X-RAY DIFFRACTION,,"['SO4', 'GOL', 'CMK', 'MSE']","{'A': ['A6TEL6'], 'B': ['A6TEL6']}","['B', 'A']",,H 3 2,30-SEP-09,
3O7H,1.79,X-RAY DIFFRACTION,10.1074/JBC.M110.156034,,"{'A': ['A6T925'], 'B': ['A6T925']}","['A', 'B']",20826786,P 1,30-JUL-10,
3O7I,1.5,X-RAY DIFFRACTION,10.1074/JBC.M110.156034,,"{'A': ['A6T925'], 'B': ['A6T925']}","['A', 'B']",20826786,P 41,30-JUL-10,
3O7J,2.0,X-RAY DIFFRACTION,10.1074/JBC.M110.156034,['2AL'],{'A': ['A6T925']},['A'],20826786,C 1 2 1,30-JUL-10,
3O7K,1.98,X-RAY DIFFRACTION,10.1074/JBC.M110.156034,,{'A': ['A6T925']},['A'],20826786,C 1 2 1,30-JUL-10,
3QVA,1.75,X-RAY DIFFRACTION,10.1107/S090744491101746X,['PO4'],"{'A': ['A6T926'], 'C': ['A6T926'], 'B': ['A6T926'], 'D': ['A6T926']}","['A', 'C', 'B', 'D']",21795808,P 21 21 21,25-FEB-11,
3QVJ,2.1,X-RAY DIFFRACTION,10.1016/J.JMB.2011.05.016,"['CL', 'MSE']","{'A': ['A6T9E8'], 'B': ['A6T9E8']}","['A', 'B']",21616082,P 63 2 2,25-FEB-11,
3QVK,2.0,X-RAY DIFFRACTION,10.1016/J.JMB.2011.05.016,['2AL'],"{'A': ['A6T9E8'], 'B': ['A6T9E8']}","['A', 'B']",21616082,P 63 2 2,25-FEB-11,
3QVL,1.82,X-RAY DIFFRACTION,10.1016/J.JMB.2011.05.016,['5HY'],"{'A': ['A6T9E8'], 'B': ['A6T9E8']}","['A', 'B']",21616082,P 63 2 2,25-FEB-11,
3R1X,2.09,X-RAY DIFFRACTION,10.1107/S0907444911021834,"['MSE', 'GOL', 'FMT']","{'A': ['A6TFZ6'], 'C': ['A6TFZ6'], 'B': ['A6TFZ6'], 'D': ['A6TFZ6']}","['A', 'C', 'B', 'D']",21795809,P 21 21 21,11-MAR-11,"[('A', ['2.7.1.58']), ('C', ['2.7.1.58']), ('B', ['2.7.1.58']), ('D', ['2.7.1.58'])]"
3RP6,2.2,X-RAY DIFFRACTION,10.1021/BI301262P,"['MSE', 'FAD']",{'A': ['A6T923']},['A'],23259842,P 21 21 21,26-APR-11,
3RP7,2.04,X-RAY DIFFRACTION,10.1021/BI301262P,"['URC', 'MSE', 'FAD']",{'A': ['A6T923']},['A'],23259842,P 21 21 21,26-APR-11,
3RP8,1.97,X-RAY DIFFRACTION,10.1021/BI301262P,"['CL', 'FAD']",{'A': ['A6T923']},['A'],23259842,P 21 21 21,26-APR-11,
4G89,2.1,X-RAY DIFFRACTION,,"['SO4', 'SAH', 'ADE']","{'A': ['A6T4W3'], 'B': ['A6T4W3']}","['A', 'B']",,C 1 2 1,23-JUL-12,"[('A', ['3.2.2.9']), ('B', ['3.2.2.9'])]"
4IIT,4.3,X-RAY DIFFRACTION,10.1016/J.JSB.2013.09.012,['FAQ'],"{'A': ['A6T8I0'], 'C': ['A6T8I2'], 'B': ['A6T8I1']}","['A', 'C', 'B']",24055609,P 63 2 2,20-DEC-12,"[('A', ['1.14.13.-']), ('C', ['1.14.13.-']), ('B', ['1.14.13.-'])]"
