,EC,tm_opt,tm_opt_max,tm_opt_organism,tm_opt_comment,tm_range,tm_range_max,tm_range_comment,tm_range_organism,ki_value,ki_inhibitor,ki_comment,km_value,km_substrate,km_comment
0,1.7.99.4,,,,,,,,,0.0002,azide,when assayed spectrophotometrically,-999.0,more,apparent Km for reduction of nitrate by the respiratory chain is 10fold less than that when the reductant is reduced benzyl viologen
1,1.11.1.15,,,,,,,,,,,,0.0014,H2O2,wild type enzyme
2,2.7.7.80,22.0,,Escherichia coli,assay at room temperature,,,,,,,,,,
3,4.6.1.12,,,,,,,,,,,,0.41,2-phospho-4-(cytidine 5'-diphospho)-2-C-methyl-D-erythritol,
4,2.7.1.11,-999.0,,Escherichia coli,effects of temperature on kinetic properties,,,,,,,,-999.0,more,kinetic data of various organism
5,2.7.1.12,,,,,,,,,,,,-999.0,more,method for quantification of D-gluconate by use of immobilized enzyme
6,2.7.1.15,,,,,,,,,,,,0.11,D-ribose,
7,2.7.1.17,,,,,,,,,0.026,5-fluoro-xylulose,in the presence of 5 mM ATP,-999.0,more,radiometric system for measurement of enzyme activity in crude cell extracts
8,2.7.1.16,,,,,,,,,,,,0.02,ATP,
9,1.3.1.10,,,,,,,,,,,,-999.0,NADPH,value above 2 mM
10,1.3.1.12,,,,,,,,,0.11,"5,6-dihydro-5,6-dihydroxychorismate",,-999.0,more,Km of enzyme fragments
11,2.1.1.79,37.0,,Escherichia coli,assay at,,,,,0.00013000000000000002,dioctylamine,competitive inhibitor with respect to phospholipids,-999.0,more,"Km (phospholipids): 0.5 mg/ml. Since a mixture of phospholipids prepared from an Escherichia coli K12 strain is used, the Km constant is only an apparent constant given in mg/mL unit rather than molar unit"
12,1.14.13.127,,,,,,,,,,,,,,
13,1.1.5.2,25.0,,Escherichia coli,assay at,,,,,-999.0,more,inhibitory effects of the different metal ions on recombinant wild-type and mutant enzymes,-999.0,more,"metal binding kinetics, wild-type and mutant enzymes, Km for the different substrates of mutant enzymes with different metal ions bound, overview"
14,2.7.1.170,,,,,,,,,0.4,ADP,,1.0,"1,6-anhydro-N-acetyl-beta-muramate",
15,1.1.5.4,,,,,,,,,,,,,,
16,1.1.5.6,,,,,,,,,,,,0.12,formate,
17,3.1.1.32,,,,,,,,,,,,0.0003,phosphatidylglycerol,
18,1.1.3.15,,,,,,,,,,,,,,
19,3.1.1.31,,,,,,,,,,,,,,
20,4.3.2.1,,,,,,,,,,,,,,
21,4.3.2.2,25.0,,Escherichia coli,activity assay,,,,,,,,,,
22,4.3.2.3,,,,,,,,,,,,,,
23,1.10.3.14,,,,,,,,,,,,,,
24,2.8.1.10,,,,,,,,,,,,,,
25,1.10.3.10,,,,,,,,,1.2e-05,aurachin C1-10,,0.018000000000000002,ubiquinol-1,
26,2.8.1.12,22.0,,Escherichia coli,assay at room temperature,,,,,,,,,,
27,6.3.2.45,,,,,,,,,,,,,,
28,1.17.4.1,20.0,,Escherichia coli,assay at,,,,,0.006999999999999999,GDP,competitive vs. CDP,-999.0,more,"pre-steady state kinetics, overview"
29,2.6.1.66,37.0,,Escherichia coli,assay at,,,,,,,,,,
30,3.1.4.46,,,,,,,,,,,,0.2,glycerophosphocholine,
31,6.3.4.20,,,,,,,,,,,,,,
32,3.5.3.23,,,,,,,,,,,,,,
33,2.6.1.62,,,,,,,,,-999.0,more,inactivation kinetics,-999.0,more,"kinetics, first-order rate constant for the first half-reaction at saturation, the transamination reaction passes slowly due to either ketimine formation or its hydrolysis being hindered"
34,4.2.1.20,,,,,,,,,0.0011,indolebutanol phosphate,competitive in the catalysis of indoleglycerol phosphate cleavage,-999.0,more,dissociation constants of the beta-subunit combined with the different subunits of wild-type and mutants
35,2.8.1.8,,,,,,,,,,,,,,
36,2.8.1.2,,,,,45.0,60.0,,Escherichia coli,,,,8.34,3-Mercaptopyruvate,
37,2.8.1.1,,,,,,,,,,,,0.034,thioredoxin,
38,2.8.1.6,,,,,,,,,0.00065,S-adenosyl-L-homocysteine,,0.002,dethiobiotin,pH 7.5
39,2.8.1.7,,,,,,,,,,,,1.1,L-selenocysteine,"pH 8, IcsS in the presence of pyruvate"
40,2.8.1.4,,,,,,,,,,,,0.0012,L-cysteine,
41,3.6.3.17,,,,,,,,,,,,,,
42,2.3.1.47,,,,,,,,,0.0033,(R)-8-amino-7-oxononanoic acid,,0.01,pimeloyl-CoA,
43,3.6.3.14,,,,,,,,,,,,-999.0,more,"kinetics, wild-type and mutant enzymes, overview"
44,3.6.3.12,,,,,,,,,,,,-999.0,more,kinetics
45,2.3.1.40,37.0,,Escherichia coli,assay at,,,,,,,,,,
46,2.3.1.41,20.0,,Escherichia coli,assay at,,,,,,,,-999.0,more,
47,5.1.1.1,,,,,,,,,1.2,D-cycloserine,,0.25,D-alanine,
48,3.5.1.n3,,,,,,,,,,,,,,
49,5.1.1.3,,,,,,,,,,,,1.2,L-glutamate,
50,3.6.3.19,22.0,,Escherichia coli,"assay at, enzyme reconstituted in proteoliposomes",,,,,,,,0.14300000000000002,ATP,in presence of 0.05 mM maltose binding protein
51,5.1.1.7,,,,,,,,,,,,0.16,LL-diaminoheptanedioate,
52,2.4.2.1,,,,,,,,,-999.0,more,,-999.0,more,
53,3.4.19.13,,,,,,,,,,,,,,
54,2.7.8.7,,,,,,,,,0.0006,apo-[Streptomyces sp. granaticin-acyl-carrier protein],,0.0004,apo-acyl-carrier protein,
55,2.7.8.8,35.0,,Escherichia coli,activity assay,,,,,,,,0.085,L-Ser,
56,1.2.1.71,,,,,,,,,,,,,,
57,4.2.1.51,,,,,,,,,-999.0,more,,-999.0,more,Km for chorismate of wild-type and mutants
58,1.8.1.4,,,,,,,,,0.009000000000000001,NADH,free dihydrolipoamide dehydrogenase,0.025,Dihydrolipoamide,
59,1.8.1.7,,,,,,,,,0.01,p-hydroxymercuribenzoate,,-999.0,more,
60,2.7.4.22,30.0,,Escherichia coli,assay at,,,,,0.44,UMP,"at 2.0 mM ATP, without GTP",-999.0,more,reaction kinetics
61,1.8.1.2,25.0,,Escherichia coli,,,,,,0.006,cyanide,,0.0043,sulfite,
62,6.3.2.13,,,,,,,,,,,,0.035,UDP-N-MurNAc-L-Ala-D-Glu,
63,1.7.1.7,,,,,,,,,,,,0.0055,guanosine 5'-phosphate,
64,1.8.1.8,,,,,,,,,,,,,,
65,2.4.1.1,,,,,,,,,0.0015,4-S-alpha-D-glucopyranosyl-4-thiomaltotetraose,,-999.0,more,"0.46% glycogen, with AMP, 0.67% glycogen, without AMP"
66,1.4.3.16,,,,,,,,,,,,0.038,L-aspartate,
67,2.7.9.3,,,,,,,,,0.17,AMP,,0.02,selenide,
68,1.1.1.336,37.0,,Escherichia coli,assay at,,,,,,,,0.11,UDP-N-acetyl-alpha-D-mannosamine,
69,1.4.1.14,,,,,,,,,,,,,,
70,1.4.1.13,,,,,,,,,-999.0,more,,0.0022,NADPH,in the presence of 1 mM alpha-ketoglutarate and 5 mM L-glutamine
71,2.7.8.26,,,,,,,,,,,,,,
72,3.6.1.11,,,,,,,,,24.1,ATP,with 3'-AMP as substrate,-999.0,more,
73,5.3.3.8,,,,,,,,,,,,0.006,3-cis-Tetradecenoyl-CoA,wild-type enzyme complex
74,4.2.3.3,,,,,,,,,5.8e-06,Phosphoglycolate,,0.2,dihydroxyacetone phosphate,wild-type enzyme
75,5.3.3.2,,,,,,,,,0.031,"2,3-butadien-1-yl diphosphate",,0.0008,isopentenyl diphosphate,mutant enzyme W161F
76,6.3.1.2,,,,,,,,,0.00059,(2S)-2-amino-4-[(aminomethyl)(hydroxy)phosphoryl]butanoic acid,,-999.0,more,
77,4.4.1.21,,,,,,,,,0.0032,"(2S)-2-amino-4-[(2R,3S)-2,3-dihydroxy-3-N-hydroxycarbamoylpropylmercapto] butyric acid",Co2+ substituted enzyme,0.016,S-ribosylhomocysteine,C41A mutant; wild type enzyme
78,4.2.1.24,,,,,,,,,,,,0.8,5-aminolevulinate,at pH 6 and pH 8.5
79,6.5.1.2,10.0,15.0,Escherichia coli,ligation of cohesive ends,5.0,50.0,,Escherichia coli,,,,2.5e-05,5'-phosphate terminus of deoxyribonucleotides,
80,3.2.1.170,,,,,,,,,,,,,,
81,2.1.1.144,,,,,,,,,,,,0.32,trans-aconitate,
82,2.7.4.25,,,,,,,,,,,,-999.0,more,"kinetics and substrate specificities of wild-type and mutant enzymes, overview"
83,1.2.4.1,,,,,,,,,3e-06,thiamine 2-thiazolone diphosphate,,-999.0,more,"sigmoidal dependence on the concentration of pyruvate, Hill-coefficient: 1.85"
84,2.7.1.49,,,,,,,,,0.0027,pyridoxine,,0.0285,pyridoxine,
85,2.5.1.79,,,,,,,,,,,,,,
86,2.5.1.78,,,,,,,,,,,,0.0042,"5-amino-6-ribitylamino-2,4(1H,3H)-pyrimidinedione",
87,2.5.1.74,,,,,,,,,,,,,,
88,1.8.5.3,,,,,,,,,,,,0.001,Pyridine N-oxide,"mutant A178Q, pH not specified in the publication, temperature not specified in the publication"
89,2.5.1.72,,,,,,,,,,,,,,
90,3.5.3.9,25.0,,Escherichia coli,assay at,,,,,,,,,,
91,5.3.1.8,,,,,,,,,8e-05,5-phospho-D-arabinonohydroxamic acid,,0.15,D-fructose 6-phosphate,
92,5.3.1.9,,,,,,,,,,,,0.147,D-fructose 6-phosphate,
93,2.6.1.9,,,,,,,,,,,,,,
94,3.1.3.23,,,,,,,,,,,,1.2,D-glucuronate 1-phosphate,
95,5.3.1.3,,,,,,,,,,,,42.0,L-fucose,E. coli B/r
96,5.3.1.1,,,,,,,,,6.0,2-Phosphoglycolate,,1.03,D-glyceraldehyde 3-phosphate,"pH 7.6, wild-type enzyme"
97,5.3.1.6,,,,,,,,,0.07,5-phospho-D-ribonamide,,0.83,D-ribose 5-phosphate,ribosephosphate isomerase B
98,2.6.1.1,,,,,,,,,,,,-999.0,more,kinetics; wild-type and mutants
99,5.3.1.4,,,,,,,,,,,,11.0,D-tagatose,
100,5.3.1.5,,,,,,,,,,,,,,
101,2.7.1.59,37.0,,Escherichia coli,assay at,,,,,0.001,N-Methyl-D-glucosamine,,5e-05,N-acetyl-D-glucosamine,
102,2.7.1.58,,,,,,,,,,,,,,
103,1.1.1.193,,,,,,,,,,,,0.005,NADPH,
104,2.7.1.55,,,,,,,,,,,,,,
105,2.1.1.197,,,,,,,,,,,,,,
106,2.4.1.227,25.0,,Escherichia coli,at room temperature; enzyme assay,,,,,,,,-999.0,more,continous fluorescence coupled enzyme assay method
107,2.7.1.56,,,,,,,,,0.28,ADP,,0.12,ATP,
108,2.7.1.51,,,,,,,,,,,,1.4,L-Fuculose,
109,2.7.1.50,,,,,,,,,,,,,,
110,2.7.1.53,,,,,,,,,,,,,,
111,1.2.1.88,25.0,,Escherichia coli,assay at,,,,,,,,,,
112,2.4.2.53,,,,,,,,,,,,,,
113,2.4.2.52,20.0,25.0,Escherichia coli,at room temperature,,,,,,,,,,
114,6.2.1.26,,,,,,,,,0.128,5'-O-[[4-(2-carboxyphenyl)-4-oxobutanoyl]sulfamoyl]adenosine,pH and temperature not specified in the publication,0.016,o-succinylbenzoate,
115,1.1.1.58,,,,,,,,,,,,0.053,altronate,
116,1.1.5.3,,,,,,,,,,,,0.1,glycerol 3-phosphate,in absence of exogenous FMN
117,2.7.1.45,,,,,,,,,,,,1.0,2-dehydro-3-deoxy-D-gluconate,
118,1.1.1.57,,,,,,,,,,,,0.5,D-Fructuronate,
119,1.2.7.1,,,,,,,,,,,,,,
120,3.7.1.14,25.0,,Escherichia coli,assay at,,,,,,,,0.0012,"(2E,4Z)-2-hydroxy-6-oxonona-2,4-dienedioate",
121,1.1.1.282,20.0,,Escherichia coli,assay at,,,,,,,,0.0004,NAD+,
122,1.1.1.284,,,,,,,,,,,,0.094,S-hydroxymethyl glutathione,
123,2.7.7.27,,,,,,,,,-999.0,more,"Ki of AMP, effect of fructose 1,6-bisphosphate on wild-type and mutant enzymes",-999.0,more,effect of activators on substrate kinetic parameters of bacterial enzymes; kinetic study
124,4.1.2.4,,,,,,,,,,,,-999.0,more,
125,4.1.2.5,,,,,,,,,,,,0.19,L-allo-threonine,pH and temperature not specified in the publication
126,2.7.1.21,,,,,,,,,1.7,3-N-methyl-5-iodo-2'-deoxyuridine,,-999.0,more,
127,2.7.1.22,,,,,,,,,,,,,,
128,5.4.3.8,,,,,,,,,,,,,,
129,2.7.1.24,,,,,,,,,,,,,,
130,2.7.1.25,25.0,,Escherichia coli,assay at,,,,,0.0004,adenosine 5'-phosphosulfate,,-999.0,more,kinetic study
131,2.7.1.26,,,,,,,,,,,,,,
132,4.2.1.75,,,,,,,,,,,,0.005,Hydroxymethylbilane,
133,3.1.2.12,,,,,,,,,,,,0.29,4-nitrophenyl acetate,
134,2.7.4.8,,,,,,,,,,,,0.3,dGMP,
135,2.7.4.9,,,,,,,,,0.4,5-iodo-2'-dUMP,,0.015,TMP,
136,2.7.4.6,,,,,,,,,,,,,,
137,2.7.4.7,,,,,,,,,,,,0.023,2-methyl-4-amino-5-hydroxymethylpyrimidine phosphate,
138,2.7.4.1,25.0,,Escherichia coli,assay at,,,,,0.0007,GMP,,0.035,Polyphosphate,
139,2.7.4.3,,,,,,,,,,,,-999.0,more,
140,1.4.1.4,,,,,,,,,,,,0.018000000000000002,NADP+,
141,6.1.1.1,,,,,,,,,-999.0,more,inhibition kinetics,-999.0,more,values for mutant strains
142,2.7.6.5,,,,,,,,,,,,-999.0,more,
143,4.1.1.98,,,,,,,,,,,,,,
144,2.7.6.3,,,,,,,,,0.00031,"alpha,beta-methyleneadenosine triphosphate",,0.0016,"6-hydroxymethyl-7,8-dihydropteridine",
145,2.7.6.1,,,,,,,,,0.032,Ca2+,,0.023,ATP,
146,2.6.1.16,,,,,,,,,0.00035,"N3-(4-Methoxyfumaroyl)-L-2,3-diaminopropanoic acid",,0.0064,L-gamma-glutamyl-p-nitroanilide,
147,2.6.1.17,,,,,,,,,4e-06,"2-(N-(succinylamino))-6-hydrazinoheptane-1,7-dioic acid",,0.18,N-Succinyl-2-amino-6-oxoheptanedioate,
148,2.3.1.191,25.0,,Escherichia coli,assay at,,,,,0.0043,(3R)-3-hydroxymyristoyl-[acyl-carrier protein],,-999.0,more,steady-state kinetic analysis
149,3.1.4.16,,,,,,,,,0.29,tRNA,with ATP,-999.0,more,
150,3.1.4.14,,,,,,,,,,,,0.0017,acyl-carrier protein,
151,1.3.1.76,,,,,,,,,,,,,,
152,5.3.2.2,,,,,,,,,,,,,,
153,4.1.1.31,,,,,,,,,,,,0.1,HCO3-,wild type enzyme
154,2.6.1.19,,,,,,,,,0.24,Aminooxyacetate,,0.0021,2-oxoglutarate,
155,1.1.1.274,30.0,,Escherichia coli,assay at,,,,,,,,-999.0,more,
156,1.2.1.70,37.0,,Escherichia coli,,,,,,,,,0.024,L-glutamyl-tRNAGlu,
157,1.14.12.17,,,,,,,,,-999.0,carbon monoxide,Ki value less than 1 microM,0.00011,NO,
158,1.1.1.271,,,,,,,,,0.055,GDP-fucose,,-999.0,more,Km values for various mutants
159,1.2.1.8,,,,,,,,,0.1,isopentanal,,0.0025,NAD+,"pH 7.7, reaction with benzaldehyde"
160,1.2.1.5,,,,,,,,,,,,,,
161,1.2.1.2,,,,,,,,,,,,,,
162,4.1.1.36,,,,,,,,,,,,0.9,4-phosphopantothenoyl-L-Cys,
163,1.2.1.39,,,,,,,,,,,,0.004,4-hydroxyphenylacetaldehyde,
164,1.2.1.38,25.0,,Escherichia coli,assay at,,,,,,,,0.17,NADP+,
165,2.5.1.47,,,,,,,,,0.011,S2-,"pH 7.5, 25 C, free enzyme",0.006,S2-,
166,1.4.3.5,,,,,,,,,0.008,pyridoxal 5'-phosphate,,-999.0,more,"KM-values of mutant enzymes H199A, H199N, R197E, R197M, Y17F, R14E, R14M"
167,4.2.1.10,,,,,,,,,,,,0.015,3-dehydroquinate,
168,4.2.1.11,,,,,,,,,,,,-999.0,more,
169,4.2.1.12,,,,,,,,,,,,,,
170,2.5.1.48,25.0,,Escherichia coli,assay at,,,,,-999.0,more,,-999.0,more,"detailed kinetics of elimination and replacement reaction, overview"
171,4.2.1.17,,,,,,,,,,,,0.008,2-decenoyl-CoA,
172,1.97.1.9,,,,,,,,,,,,,,
173,3.6.1.55,23.0,,Escherichia coli,assay at,,,,,4.9e-05,8-oxo-dGMP,,4.5e-05,8-oxo-GDP,
174,3.6.1.54,30.0,,Escherichia coli,assay at,,,,,,,,0.0617,"UDP-N2,O3-bis((3R)-3-hydroxymyristoyl)-alpha-D-glucosamine",
175,3.1.2.6,,,,,,,,,,,,,,
176,2.3.1.223,,,,,,,,,,,,,,
177,3.4.16.4,,,,,,,,,0.013,Boc-gamma-D-Glu-L-Lys-(Cbz)-D-boroAla-(-)-pinanediol,,-999.0,more,"the ratio of turnover number to Km-value for the substrate Nalpha,Nepsilon-diacetyl-L-Lys-D-Ala-D-Ala is 32/M"
178,2.1.1.107,,,,,,,,,,,,,,
179,1.97.1.4,,,,,,,,,,,,0.0012,inactive pyruvate formate-lyase,
180,3.5.1.78,,,,,,,,,,,,-999.0,more,
181,5.4.2.2,,,,,,,,,,,,,,
182,2.6.1.11,37.0,,Escherichia coli,assay at,,,,,,,,-999.0,more,
183,2.4.1.129,37.0,,Escherichia coli,,20.0,45.0,,Escherichia coli,,,,-999.0,more,turnover-numbers of truncated variants
184,2.6.1.81,,,,,,,,,,,,,,
185,2.7.2.8,,,,,,,,,30.4,ATP,,0.2,N-acetyl-L-glutamate,
186,5.1.3.9,,,,,,,,,,,,,,
187,2.7.7.62,,,,,,,,,,,,,,
188,2.7.7.63,0.0,,Escherichia coli,assay at,,,,,,,,0.00055,R-lipoic acid,
189,2.7.7.60,25.0,,Escherichia coli,assay at,,,,,19.6,CTP,,0.003,CTP,
190,1.1.99.33,,,,,,,,,0.08,Sodium azide,,9.0,formate,
191,2.7.2.2,,,,,,,,,,,,,,
192,4.2.1.126,,,,,,,,,,,,0.32,N-acetylmuramate 6-phosphate,
193,2.7.2.1,,,,,,,,,,,,0.07,ATP,
194,4.1.3.40,,,,,,,,,0.0021,4-hydroxybenzoate,"pH 7.5, wild-type enzyme",0.0097,chorismate,
195,6.1.1.19,,,,,,,,,,,,-999.0,more,effect on the Km of several variations of the tRNAArg sequence
196,4.1.3.42,37.0,,Escherichia coli,enzyme assay at,,,,,0.0125,Hydroxypyruvate,,-999.0,more,
197,1.13.11.16,,,,,,,,,,,,0.026,"3-(2,3-dihydroxyphenyl)propionate",
198,3.3.2.12,,,,,,,,,,,,0.011,oxepin-CoA,pH and temperature not specified in the publication
199,1.3.1.98,,,,,,,,,,,,0.001,UDP-N-acetylenolpyruvylglucosamine,"10 mM Mg2+, 50 mM Tris-HCl, at pH 8.0, temperature not specified in the publication"
200,1.1.1.373,,,,,,,,,,,,,,
201,6.3.4.21,37.0,,Escherichia coli,assay at,,,,,,,,0.002,nicotinate,
202,2.4.2.14,,,,,,,,,0.053,"1-alpha-diphosphoryl-2-alpha,3-alpha-dihydroxy-4-beta-cyclopentane-methanol-5-phosphate",P410W mutant enzyme,-999.0,more,kinetic constants of Arg73 and Tyr74 mutants for basal and total glutaminase activity
203,2.4.2.17,,,,,,,,,,,,,,
204,4.1.1.41,,,,,,,,,,,,,,
205,4.1.1.47,,,,,,,,,,,,,,
206,3.5.4.19,,,,,,,,,,,,,,
207,3.5.4.16,,,,,,,,,,,,-999.0,more,
208,4.1.1.48,25.0,,Escherichia coli,assay at,,,,,,,,4.7e-05,1-(2-carboxyphenylamino)-1-deoxy-D-ribulose-5-phosphate,genetically engineered monofunctional enzyme form IGPS[1-259]
209,4.1.1.49,,,,,,,,,,,,0.05,ADP,
210,3.5.4.13,37.0,,Escherichia coli,assay at,,,,,,,,-999.0,more,enzyme kinetics and equilibrium binding
211,2.4.2.18,,,,,,,,,,,,0.1,5-phospho-alpha-D-ribose 1-diphosphate,complex
212,3.5.4.10,,,,,,,,,,,,,,
213,1.1.1.94,,,,,,,,,-999.0,more,inhibition kinetics,-999.0,more,kinetics and bimolecular kinetic mechanism
214,1.1.1.95,25.0,,Escherichia coli,assay at,,,,,,,,0.0013,3-Phosphohydroxypyruvate,Km at pH 7.5 is lower than at pH 8.8
215,1.1.1.93,,,,,,,,,,,,,,
216,2.6.99.2,37.0,,Escherichia coli,assay at,,,,,,,,-999.0,more,thermodynamics
217,2.3.1.8,,,,,,,,,0.004,desulfo-CoA,,0.0095,acetyl-CoA,
218,1.14.14.5,25.0,,Escherichia coli,assay at,,,,,,,,-999.0,more,rapid reaction kinetic analysis of SsuE-catalyzed flavin reduction using NADPH; stopped-flow kinetics
219,1.14.13.149,,,,,,,,,,,,,,
220,2.3.1.129,22.0,,Escherichia coli,assay at room temperature,,,,,-999.0,more,inhibition kinetics,-999.0,more,"Michaelis-Menten steady-state kinetics of LpxA, overview"
221,2.1.3.3,,,,,,,,,0.0002,N-delta-(phosphosulfamyl)ornithylalanylhomoarginine,mixed or competitive vs. carbamoyl phosphate,0.06,Carbamoyl phosphate,Q106E
222,2.1.3.2,25.0,,Escherichia coli,assay at,-999.0,,,Escherichia coli,1.6e-05,N-phosphonoacetyl-L-aspartate,,-999.0,more,
223,2.8.3.21,,,,,,,,,,,,,,
224,2.7.1.60,,,,,,,,,,,,,,
225,2.7.1.69,,,,,,,,,0.003,"D-gluco-hexodialdo-1,5-pyranose",pH 7.5,0.009000000000000001,methyl-alpha-D-glucoside,wild-type enzyme
226,1.14.12.19,,,,,,,,,,,,,,
227,1.1.1.81,,,,,,,,,,,,,,
228,2.7.1.167,,,,,,,,,,,,,,
229,3.2.1.86,,,,,,,,,,,,0.11,p-nitrothiophenyl beta-D-glucoside 6-phosphate,isoenzyme B
230,5.4.2.10,,,,,,,,,,,,0.05,D-Glucosamine 6-phosphate,
231,3.5.1.1,,,,,,,,,,,,-999.0,more,the Km of the immobilized enzyme is 8fold lower compared to the free enzyme
232,1.1.1.83,37.0,,Escherichia coli,assay at,,,,,,,,,,
233,1.2.1.79,22.0,,Escherichia coli,assay at,,,,,,,,0.0078,succinate semialdehyde,
234,4.2.1.19,,,,,,,,,,,,,,
235,2.5.1.3,40.0,,Escherichia coli,,,,,,,,,0.0004,thiazole monophosphate,
236,2.6.1.52,,,,,,,,,,,,0.01,3-Phosphonooxypyruvate,
237,3.5.3.11,,,,,,,,,15.0,guanidinium ion,wild type,1.1,agmatine,wild type
238,2.6.1.57,,,,,,,,,,,,-999.0,more,Km values of half-reactions
239,2.3.1.157,22.0,,Escherichia coli,assay at romm temperature,,,,,,,,0.07,D-glucosamine 1-phosphate,mutant His6-GlmU C296A
240,6.3.4.14,,,,,,,,,7.0,Phosphonoacetate,,-999.0,more,ordered kinetic mechanism
241,1.17.7.1,,,,,,,,,,,,0.56,"2-C-methyl-D-erythritol 2,4-cyclodiphosphate",
242,3.1.4.52,,,,,,,,,,,,,,
243,2.7.7.4,,,,,,,,,,,,,,
244,1.1.99.1,,,,,,,,,,,,,,
245,2.7.1.4,,,,,,,,,,,,,,
246,3.4.11.23,,,,,,,,,,,,,,
247,1.2.5.1,,,,,,,,,,,,-999.0,more,"the unactivated form of enzyme is markedly hysteretic. At low substrate concentration, there is an initial acceleration in enzyme turnover due to slow interconversion between two forms of the enzyme, one with low turnover and one which rapidly turns over. During turnover, even in the absence of lipid activators, some of the enzyme converts to the rapid-turnover form. This slow interconversion precludes a steady state from being established. Lipid activators shift the equilibrium to favor the rapid turnover form of the enzyme. Once the enzyme is locked into an activated conformation, the hysteresis is no longer observed. Activation results in both increased rates of electron transfer into and out of the flavin"
248,4.5.1.5,37.0,,Escherichia coli,assay at,,,,,,,,15.4,thioglycolate,
249,1.1.1.133,,,,,,,,,,,,,,
250,1.1.1.130,,,,,,,,,,,,,,
251,1.5.1.41,23.0,,Escherichia coli,assay at,,,,,,,,0.0006,riboflavin,
252,1.5.1.42,,,,,,,,,,,,,,
253,6.3.2.14,25.0,,Escherichia coli,assay at,,,,,-999.0,more,"thermodynamics and inhibition kinetics, stopped-flow measurements",-999.0,more,"two possible kinetic mechanisms can explain nonlinear kinetics: one-step slow association and two-step isomerization, bi-uni-uni-bi ping-pong kinetic mechanism, kinetic analysis, overview"
254,6.3.2.17,,,,,,,,,,,,0.0063,"7,8-dihydropteroate","wild-type, pH 9.8"
255,3.6.1.19,,,,,,,,,,,,4.5e-05,8-oxo-GDP,
256,4.1.3.16,,,,,,,,,,,,,,
257,6.3.2.12,,,,,,,,,,,,0.0006,"7,8-dihydropteroate",
258,1.2.1.72,50.0,,Escherichia coli,at pH 8.6,,,,,,,,0.07400000000000001,NAD+,
259,6.3.1.5,,,,,,,,,,,,0.065,NH3,
260,6.3.1.1,,,,,,,,,6.7e-05,adenylated sulfoximine,,0.27,ATP,
261,4.2.1.59,,,,,,,,,,,,,,
262,3.6.1.13,,,,,,,,,,,,0.067,ADPribose,
263,3.6.1.12,,,,,,,,,,,,,,
264,2.1.1.222,,,,,,,,,,,,,,
265,1.8.4.12,25.0,,Escherichia coli,assay at,,,,,,,,-999.0,more,thermodynamics and kinetics of wild-type and mutant MsrB
266,1.8.4.13,,,,,,,,,,,,,,
267,1.8.4.11,,,,,,,,,,,,-999.0,more,kinetic mechanism
268,6.3.3.3,,,,,,,,,0.05,AMP-PNP,,-999.0,more,
269,6.3.3.2,,,,,,,,,,,,,,
270,6.3.3.1,,,,,,,,,0.025,fluorosulfonylbenzoyl adenosine,,0.012,ATP,"pH 7.7, K27R mutant"
271,2.7.7.23,,,,,,,,,,,,0.07,N-acetyl-D-glucosamine 1-phosphate,
272,6.3.5.3,,,,,,,,,,,,0.03,L-Gln,5'-phosphoribosylformylglycinamidine
273,6.3.5.2,,,,,,,,,9.2e-05,N2-hydroxyguanosine 5'-monophosphate,competitive vs XMP,0.029,XMP,
274,6.3.5.5,25.0,37.0,Escherichia coli,assay at,,,,,0.0018,UMP,,-999.0,more,effect of Orn or UMP on Km-values of mutant and wild type enzyme; kinetic constants of mutant and wild type enzymes
275,6.3.5.4,,,,,,,,,0.91,AMP-PNP,,-999.0,more,"Km-values of mutant enzymes R30A, R30K, N74A, N74Q, and N79A"
276,2.7.7.24,,,,,,,,,,,,0.0205,dTTP,
277,1.4.3.21,,,,,,,,,,,,0.00088,beta-phenylethylamine,"pH 8.0, mutant enzyme D383E"
278,1.1.1.346,,,,,,,,,,,,3.1,ethyl 2-methylacetoacetate,
279,2.4.1.21,,,,,,,,,0.38,"D-glucono-1,5-lactone",,-999.0,more,"E. coli B glycogen: 0.274 mg/ml, rabbit liver glycogen: 0.298 mg/ml, soluble potato amylose: 0.833 mg/ml"
280,2.4.1.25,,,,,30.0,55.0,,Escherichia coli,,,,,,
281,2.3.1.46,25.0,,Escherichia coli,assay at,40.0,58.0,,Escherichia coli,0.00025,hydroxyethylvalclavam,dissociation constant of enzyme-substrate-inhibitor complex,-999.0,more,"steady-state kinetics and thermodynamics of wild-type and mutant enzymes, overview"
282,2.5.1.19,20.0,,Escherichia coli,assay at,,,,,-999.0,Glyphosate,any substitutions for residue Pro101 decrease glyphosate binding affinity and inhibitor potency,-999.0,more,kinetic study
283,2.10.1.1,,,,,,,,,,,,,,
284,2.5.1.10,,,,,,,,,,,,,,
285,2.5.1.17,,,,,,,,,,,,,,
286,2.5.1.16,,,,,,,,,5e-05,"S-Adenosyl-1,8-diamino-3-thiooctane",,0.0022,S-adenosyl-3-methylthio-1-propylamine,
287,2.5.1.15,,,,,,,,,-999.0,more,KI values of sulfathiazole for wild-type and mutant enzyme,-999.0,more,values for recombinant enzymes
288,4.4.1.16,,,,,,,,,,,,2.6,L-selenocysteine,"in the presence of pyruvate, pH 7.5"
289,5.4.2.11,,,,,,,,,,,,,,
290,5.4.2.12,,,,,,,,,,,,,,
291,4.4.1.15,,,,,,,,,0.53,L-cysteine,,0.04,DL-selenocystine,
292,3.6.1.65,,,,,,,,,,,,0.0055,2-hydroxy-dATP,"mutant D118E, pH not specified in the publication, temperature not specified in the publication"
293,3.6.1.66,37.0,,Escherichia coli,,,,,,,,,,,
294,3.6.1.67,,,,,,,,,,,,,,
295,2.7.4.16,,,,,,,,,0.36,pyrithiamine,,0.0011,Thiamine phosphate,
296,2.7.4.14,,,,,,,,,,,,,,
297,3.6.3.29,,,,,,,,,,,,-999.0,more,"0.000025-0.000050 mM, molybdate, pH 7.0"
298,1.17.1.4,,,,,,,,,,,,,,
299,1.11.1.9,,,,,,,,,,,,,,
300,2.3.1.51,,,,,,,,,,,,,,
301,3.6.3.20,,,,,,,,,,,,-999.0,more,"kinetics, rocker-switch mechanism of membrane transport by GlpT, overview"
302,3.6.3.21,,,,,,,,,,,,,,
303,2.3.1.54,,,,,20.0,50.0,,Escherichia coli,0.42,methacrylate,,-999.0,more,steady-state kinetics of wild-type and mutant enzymes
304,3.6.3.24,,,,,,,,,,,,,,
305,3.6.3.25,,,,,,,,,,,,,,
306,1.1.1.38,,,,,,,,,,,,0.025,NADH,reduction of oxaloacetate
307,2.4.99.15,,,,,,,,,,,,,,
308,2.4.99.12,,,,,,,,,,,,0.052000000000000005,2-deoxy-2-[[(3R)-3-hydroxypentadecanoyl]amino]-3-O-[(3R)-3-hydroxytetradecanoyl]-4-O-phosphono-beta-D-glucopyranosyl-(1-&gt;6)-2-deoxy-3-O-[(3R)-3-hydroxytetradecanoyl]-2-[[(3R)-3-hydroxytetradecanoyl]amino]-1-O-phosphono-alpha-D-glucopyranose,
309,2.4.99.13,,,,,,,,,,,,,,
310,3.1.3.15,,,,,,,,,,,,0.041,L-Histidinol phosphate,
311,3.4.17.13,,,,,,,,,,,,0.108,UDP-N-acetylmuramyl-Ala-D-Glu-Dap-D-Ala,
312,1.1.1.35,,,,,,,,,,,,0.066,acetoacetyl-CoA,
313,3.1.3.10,,,,,,,,,,,,0.39,D-glucose 1-phosphate,pH 6.5
314,3.1.3.11,,,,,,,,,-999.0,pseudo-tetrapeptide OC252,,0.00094,"D-fructose 1,6-bisphosphate",
315,1.11.1.6,,,,,,,,,,,,-999.0,more,
316,6.3.2.10,37.0,,Escherichia coli,assay at,,,,,,,,,,
317,2.3.1.9,,,,,,,,,,,,0.47,acetyl-CoA,synthesis
318,4.1.1.18,,,,,,,,,0.0002377,ppGpp,,0.42,L-lysine,
319,2.9.1.1,,,,,,,,,,,,0.0003,Selenophosphate,
320,3.4.13.22,,,,,,,,,,,,,,
321,5.4.2.7,,,,,,,,,,,,0.013,deoxyribose 1-phosphate,
322,4.1.1.11,25.0,,Escherichia coli,assay at,,,,,,,,0.151,L-Asp,
323,3.1.3.89,,,,,,,,,,,,0.008,5'-dTMP,
324,1.2.1.91,,,,,,,,,,,,,,
325,4.1.1.15,,,,,,,,,,,,-999.0,more,cooperativeness is kept intact by residues Glu89 and His465 in the cooperativity system of GAD
326,2.4.2.21,,,,,,,,,,,,,,
327,2.4.2.22,,,,,,,,,,,,0.0043,Guanine,
328,3.6.3.27,,,,,,,,,,,,0.0239,ATP,
329,2.3.3.9,,,,,,,,,0.023,oxalate,wild-type protein,0.009000000000000001,acetyl-CoA,
330,1.1.1.49,,,,,,,,,0.01,NADPH,"pH 8.0, temperature not specified in the publication, varied substrate: NADP+",-999.0,more,"the initial velocity plots of the enzyme follow the Michaelis-Menten equation in the absence of NADH. In its presence, however, the velocity versus substrate plots for NADP+ become sigmoidal but remain hyperbolic for glucose 6-phosphate as the variable substrate. Inhibition against both of the substrates of the enzyme by NADH is noncompetitive. The inhibition curves for NADH are also sigmoidal, suggesting a multisite binding of the inhibitor on the enzyme surface"
331,2.3.1.57,,,,,,,,,,,,,,
332,5.4.4.2,,,,,,,,,5e-05,"(4R,5R,6S)-6-ammonio-5-[(1-carboxylatoethenyl)oxy]-4-hydroxycyclohex-1-ene-1-carboxylate",,0.005,isochorismate,
333,2.4.1.180,,,,,,,,,,,,,,
334,2.3.3.1,,,,,,,,,,,,,,
335,2.4.1.182,25.0,,Escherichia coli,assay at,,,,,,,,0.11,"UDP-2,3-diacylglucosamine",
336,1.1.1.40,,,,,25.0,55.0,"activity range, profile overview",Escherichia coli,,,,-999.0,more,"with malate as the variable substrate the kinetics are nonhyperbolic, exhibiting a sigmoidal response with a positive Hill coefficient"
337,2.3.3.5,45.0,50.0,Escherichia coli,,,,,,,,,0.005,oxaloacetate,completed mutant strain W620
338,1.1.1.42,,,,,,,,,0.31,phosphoenolpyruvate,pH 7.1,-999.0,more,Km-values of wild-type and chimeric enzymes
339,1.1.2.3,,,,,,,,,,,,,,
340,2.4.99.14,,,,,,,,,,,,,,
341,2.7.2.3,,,,,,,,,,,,-999.0,more,
342,5.1.3.20,42.0,,Escherichia coli,,5.0,55.0,,Escherichia coli,,,,0.1,ADP-D-glycero-D-manno-heptose,
343,5.1.3.22,,,,,,,,,,,,,,
344,2.3.3.16,,,,,,,,,-999.0,more,"mutants, overview",-999.0,more,"mutants, with and without KCl, overview"
345,2.3.1.117,,,,,,,,,5.8e-05,"2-Hydroxytetrahydropyran-2,6-dicarboxylic acid",,0.015,succinyl-CoA,
346,2.3.3.13,,,,,,,,,,,,,,
347,1.5.1.5,,,,,,,,,0.07,N10-formyltetrahydrofolate,,,,
348,2.7.1.39,,,,,,,,,-999.0,more,,0.11,ATP,mutant enzyme H202L
349,3.5.99.6,,,,,-999.0,,effect of temperature on homotropic co-operativity in the enzyme,Escherichia coli,0.002,2-deoxy-2-amino-D-glucitol 6-phosphate,,-999.0,more,comparison of KM of unmodified and N-terminal modified enzyme
350,3.1.3.18,,,,,,,,,,,,0.21,2-Phosphoglycolate,
351,1.3.99.22,37.0,,Escherichia coli,assay at,,,,,,,,,,
352,2.7.1.33,25.0,,Escherichia coli,assay at,,,,,,,,0.009000000000000001,pantothenate,
353,2.7.1.31,,,,,,,,,,,,-999.0,more,
354,2.7.1.30,,,,,,,,,,,,-999.0,more,
355,2.7.1.35,,,,,,,,,,,,0.01,pyridoxamine,
356,2.6.1.82,60.0,,Escherichia coli,,20.0,80.0,,Escherichia coli,,,,0.0225,putrescine,
357,2.6.1.85,,,,,,,,,0.0007,"(5R,6R)-4-ammonio-5-((1-carboxylatovinyl)oxy)-6-hydroxycyclohex-1-ene-1-carboxylate",,0.013,chorismate,
358,2.7.1.156,,,,,,,,,,,,,,
359,2.7.8.5,,,,,,,,,,,,0.034,dCDP-diacylglycerol,
360,2.4.1.15,,,,,,,,,,,,-999.0,more,bifunctional fusion enzyme of trehalose-6-phosphate synthetase and trehalose-6-phosphate phosphatase
361,4.1.2.25,,,,,,,,,,,,0.0007599999999999999,"7,8-dihydro-L-monapterin","mutant enzyme E21A, in 100 mM Tris-HCl, 1 mM EDTA, and 5 mM dithiothreitol (pH 8.3)"
362,3.1.3.12,,,,,,,,,,,,2.5,Trehalose 6-phosphate,
363,4.3.3.7,23.0,,Escherichia coli,assay at,,,,,0.12,lysine,"wild-type, with pyruvate as substrate",-999.0,more,kinetic mechanism
364,2.7.7.61,,,,,,,,,,,,,,
365,4.1.2.21,,,,,,,,,,,,0.12,D-erythrose 4-phosphate,
366,4.1.2.20,,,,,,,,,,,,-999.0,more,
367,5.1.3.2,,,,,10.0,40.0,,Escherichia coli,0.2,uridine-5'-diphosphoro-beta-1-(5-sulfonic acid)naphthylamidate,pH 8.8,0.026,UDPgalactose,mutant Y149F
368,3.2.2.4,,,,,,,,,,,,0.12,AMP,
369,5.1.3.3,,,,,,,,,,,,6.5,D-galactose,
370,4.3.1.7,37.0,,Escherichia coli,assay at,,,,,0.0001,p-hydroxymercuribenzoate,,-999.0,adenosylcobalamin,"truncated enzymes, value between 0.000041 and 0.000078"
371,3.2.2.8,,,,,,,,,0.085,"3,4-diaminophenyl-D-iminoribitol",,0.12,uridine,
372,3.2.2.9,37.0,45.0,Escherichia coli,,,,,,4.7e-11,"(3R,4S)-4-(4-chlorophenyl-thiomethyl)-1-[(9-deazaadenin-9-yl)methyl]-3-hydroxypyrrolidine",,-999.0,more,"kinetics and thermodynamics of wild-type and mutant enzyme, overview"
373,4.3.1.1,,,,,,,,,0.2,o-phospho-D-serine,,-999.0,more,
374,1.1.1.381,,,,,,,,,,,,,,
375,6.3.2.2,,,,,,,,,-999.0,more,inhibition kinetics,-999.0,more,"Km values for diverse substrates in presence of Mg2+, or Mn2+, or both, kinetics"
376,5.1.3.1,,,,,,,,,,,,,,
377,2.7.1.71,,,,,,,,,,,,0.16,ATP,"isoenzyme SK2, at 1 mM shikimate"
378,2.3.1.180,,,,,,,,,-999.0,more,inhibition kinetics,-999.0,more,kinetics
379,6.3.2.3,,,,,,,,,,,,-999.0,more,Km-values of wild-type and mutant enzymes
380,1.1.1.305,25.0,,Escherichia coli,assay at,,,,,,,,-999.0,more,"steady-state kinetics of decarboxylation reaction, overview"
381,2.7.7.18,,,,,,,,,,,,0.0017,ATP,
382,1.1.1.267,,,,,,,,,-999.0,more,inhibition kinetics,-999.0,more,"steady-state and single-turnover kinetics, primary kinetic isotope effects, overview"
383,1.1.1.264,,,,,,,,,,,,1.0,L-Idonate,
384,1.8.1.9,,,,,,,,,0.015,NADP+,,-999.0,more,Km-values are pH-dependent
385,1.1.1.262,37.0,,Escherichia coli,assay at,,,,,,,,,,
386,3.4.11.10,,,,,,,,,,,,0.14,Gly-7-amido-4-methylcoumarin,
387,4.3.1.15,,,,,,,,,,,,0.17,"DL-2,3-diaminopropanoate",
388,6.3.2.6,,,,,,,,,0.26,"adenosine 5'-(beta,gamma-imido)triphosphate",,0.036000000000000004,Asp,
389,4.3.1.19,,,,,,,,,,,,5.0,L-Ser,in presence of AMP
390,4.3.1.18,,,,,,,,,0.035,"DL-2,3-Diaminopropionic acid",,0.083,D-Thr,
391,3.5.1.108,30.0,,Escherichia coli,assay at,,,,,2e-06,"N-((2S,3R)-3-hydroxy-1-(hydroxyamino)-1-oxobutan-2-yl)-4-((4-(morpholinomethyl)phenyl)ethynyl)benzamide",,0.00019,UDP-3-O-((R)-3-hydroxymyristoyl)-N-acetylglucosamine,wild-type
392,1.1.1.140,-999.0,,Escherichia coli,assay at room temperature,,,,,,,,0.025,NADH,
393,2.3.1.61,,,,,,,,,,,,,,
394,2.5.1.55,45.0,,Escherichia coli,,,,,,0.6,"2,6-Anhydro-3-deoxy-2beta-phosphonylmethyl-8-phosphate-D-glycero-D-talo-octonate",,0.00443,phosphoenolpyruvate,
395,2.5.1.54,24.0,,Escherichia coli,assay at,,,,,-999.0,more,,-999.0,more,kinetics
396,5.1.2.3,,,,,,,,,,,,,,
397,6.3.2.4,25.0,,Escherichia coli,assay at,,,,,-999.0,more,,-999.0,more,
398,2.7.7.13,,,,,,,,,,,,,,
399,6.3.2.5,,,,,,,,,,,,0.24,cysteine,pH 7.6
400,1.2.1.41,,,,,,,,,0.002,NADPH,,-999.0,more,Km with various phosphate substitutes
401,2.7.3.9,23.0,,Escherichia coli,assay at,,,,,0.28,oxalate,inhibits the phosphorylated enzyme,0.0105,Histidine-containing protein,
402,2.7.7.12,,,,,,,,,-999.0,more,product/substrate inhibition pattern and kinetics,-999.0,more,kinetics
403,2.4.2.9,,,,,,,,,,,,-999.0,more,kinetics
404,2.4.2.8,,,,,,,,,-999.0,more,"overview, inhibition constants for diverse purine nucleotides and analogues",0.033,5-phospho-alpha-D-ribose 1-diphosphate,
405,3.6.1.26,,,,,,,,,,,,,,
406,3.6.1.27,37.0,,Escherichia coli,assay at,,,,,,,,0.08,diacylglycerol diphosphate,
407,3.6.1.22,,,,,,,,,4.1,NMNH,"competitive inhibitor, no inhibiton with NMN+",0.11,NADH,"in presence of 20 mM MgCl2, 50 mM Tris-HCl, pH 8.5"
408,3.6.1.23,,,,,,,,,0.0039,"alpha,beta-imido-dUTP",,-999.0,more,kinetics of dUTP binding
409,4.1.2.50,,,,,,,,,,,,,,
410,2.7.2.4,,,,,,,,,0.33,L-threonine,"recombinant wild-type bifunctional holoenzyme, inhibition of asparate kinase activity",0.18,ATP,aspartokinase I
411,2.4.2.3,,,,,,,,,0.0006799999999999999,5-m-benzyloxybenzyl acyclouridine,,-999.0,more,
412,4.2.3.12,,,,,,,,,,,,0.92,sepiapterin,
413,2.4.2.4,,,,,,,,,-999.0,more,"inhibition kinetics, overview",0.23,5-nitro-2'-deoxyuridine,
414,2.4.2.7,,,,,,,,,0.026,AMP,,-999.0,more,kinetics
415,2.7.9.2,30.0,,Escherichia coli,assay at,,,,,0.0021,5'-adenylylmethylene diphosphonate,pH 6.8,-999.0,more,kinetics
416,4.2.1.32,,,,,,,,,,,,0.76,"(R,R)-Tartrate",overexpressed strain DH5alpha(pGS581)
417,2.7.7.70,,,,,,,,,,,,,,
418,2.7.7.73,,,,,,,,,,,,,,
419,2.7.7.75,,,,,,,,,,,,,,
420,2.7.7.77,,,,,,,,,,,,0.0065,GTP,"pH 7.2, temperature not specified in the publication, wild-type"
421,2.7.7.76,,,,,,,,,,,,0.0034,CTP,"1 mM MgCl2 pH 7.2, temperature not specified in the publication"
422,2.3.1.15,20.0,,Escherichia coli,"reconstituted enzyme, 2 optima",10.0,50.0,,Escherichia coli,,,,-999.0,more,kinetic cooperativity towards glycerol 3-phosphate and palmitoyl-CoA
423,2.3.1.16,,,,,,,,,,,,-999.0,more,
424,2.3.1.12,,,,,,,,,,,,4.2,Dihydrolipoamide,
425,4.2.1.99,,,,,,,,,,,,,,
426,4.1.1.19,,,,,20.0,50.0,,Escherichia coli,,,,-999.0,more,
427,1.1.1.77,25.0,,Escherichia coli,enzyme assay performed at this temperature,,,,,,,,0.035,L-lactaldehyde,pH 7.0
428,2.6.1.22,,,,,,,,,,,,,,
429,1.6.99.5,,,,,,,,,0.00022,dicoumarol,,0.002,menadione,
430,4.2.1.113,50.0,,Escherichia coli,,37.0,60.0,,Escherichia coli,,,,,,
431,1.1.1.79,,,,,,,,,,,,,,
432,1.6.99.3,,,,,,,,,,,,,,
433,2.5.1.7,,,,,,,,,-999.0,more,,-999.0,more,kinetics
434,2.5.1.6,25.0,,Escherichia coli,assay at,,,,,2e-06,diimidotriphosphate,pH 8.0,0.0013,tripolyphosphate,"wild type, tripolyphosphatase activity, in the presence of 0.1 mM of S-adenosylmethionine"
435,1.17.1.2,30.0,,Escherichia coli,assay at,,,,,,,,0.03,(E)-4-hydroxy-3-methylbut-2-en-1-yl diphosphate,
436,1.3.1.87,,,,,,,,,,,,,,
437,2.5.1.1,,,,,,,,,,,,,,
438,1.17.1.8,25.0,,Escherichia coli,assay at,,,,,0.33,"2,6-pyridinedicarboxylic acid",,0.0016,NADH,
439,5.1.3.4,,,,,,,,,0.37,glycolaldehyde,,0.047,L-ribulose 5-phosphate,
440,2.5.1.9,25.0,,Escherichia coli,assay at,,,,,1.3e-06,"ethyl [(2,4-dioxo-6-[[(2S,3S,4R)-2,3,4,5-tetrahydroxypentyl]amino]-1,2,3,4-tetrahydropyrimidin-5-yl)amino](oxo)acetate",,-999.0,more,stopped flow and quenched flow kinetics of wild-type enzyme and mutant S41A
441,3.5.1.94,,,,,,,,,,,,,,
442,3.5.1.96,,,,,,,,,,,,,,
443,3.5.4.26,,,,,,,,,,,,,,
444,4.1.1.50,,,,,,,,,,,,0.06,S-adenosylmethionine,
445,3.5.4.25,30.0,,Escherichia coli,assay at,,,,,0.024,diphosphate,,-999.0,more,"kinetics, cooperative reaction with a Hill coefficient of 1.3"
446,2.3.1.241,,,,,,,,,,,,,,
447,2.1.1.163,,,,,,,,,,,,,,
448,2.3.1.243,,,,,,,,,,,,,,
449,2.3.1.242,,,,,,,,,,,,,,
450,1.1.1.85,-999.0,,Escherichia coli,"reaction temperature dependence, overview",20.0,40.0,,Escherichia coli,,,,-999.0,more,"thermodynamic and kinetics analysis, overview"
451,1.17.7.3,,,,,,,,,,,,,,
452,1.1.1.86,,,,,,,,,-999.0,more,,0.00016,NADPH,
453,2.7.1.5,,,,,,,,,,,,0.2,L-rhamnulose,
454,2.3.1.1,,,,,,,,,,,,,,
455,2.7.1.6,,,,,,,,,,,,1.78,ATP,mutant Y223W
456,5.4.99.9,,,,,,,,,,,,0.022,UDP-D-galactofuranose,
457,2.7.1.2,,,,,,,,,,,,0.15,D-glucose,
458,5.4.99.5,,,,,,,,,0.0023,"(1R,3R,5S)-3-carboxy-1-hydroxy-2-oxabicyclo[3.3.1]non-6-ene-5-carboxylate",,-999.0,more,when the pH increases from pH 6.2 to pH 8.6 the Km-values for prephenate and chorismate increase substantially
459,5.4.99.2,,,,,,,,,,,,,,
460,2.7.1.107,25.0,,Escherichia coli,assay at,,,,,-999.0,more,"Ki-value for adenosine 5'-tetraphosphoryl-3-O-(1,2-dihexanoyl)-sn-glycerol is 0.036 mol%",-999.0,more,Km for dioleoylglycerol is 0.92 mol%
461,2.8.3.10,,,,,,,,,,,,,,
462,2.8.3.16,,,,,,,,,23.0,oxalate,,0.35,formyl-CoA,His-YfdW
463,4.1.1.17,,,,,,,,,,,,0.6,L-ornithine,"mutant I163T/E165T, pH 7.0, temperature not specified in the publication; mutant I163T, pH 7.0, temperature not specified in the publication"
464,6.2.1.30,,,,,,,,,,,,,,
465,2.7.1.73,26.0,39.0,Escherichia coli,inosine kinase,,,,,,,,0.0061,guanosine,
466,1.7.2.3,30.0,,Escherichia coli,assay at,,,,,,,,0.0075400000000000016,4-methylmorpholine N-oxide,tungsten-restored enzyme
467,1.7.2.2,,,,,4.0,25.0,,Escherichia coli,,,,-999.0,more,kinetics
468,5.3.4.1,,,,,,,,,,,,-999.0,more,"kinetics and kinetic mechanism of DsbB, overview"
469,4.1.1.20,-999.0,,Escherichia coli,,25.0,45.0,"relative rates of decarboxylation at 25C, 37C, 45C are 0.17 : 1.0 : 1.6",Escherichia coli,,,,1.7,"meso-2,6-diamininoheptanedioate",
470,3.2.1.93,,,,,,,,,,,,,,
471,4.1.1.23,,,,,,,,,1e-05,1-(5'-phospho-beta-D-ribofuranosyl)barbituric acid,below,0.0002,orotidine 5'-phosphate,
472,2.6.1.107,,,,,,,,,,,,,,
473,2.1.1.14,,,,,,,,,,,,0.0044,5-methyltetrahydropteroyltriglutamate,
474,2.1.1.13,,,,,,,,,,,,-999.0,more,
475,2.1.1.10,,,,,,,,,,,,0.045,L-homocysteine,
476,2.6.1.42,,,,,,,,,,,,0.09,trimethylpyruvate,
477,4.2.99.20,37.0,,Escherichia coli,assay at,,,,,,,,0.0083,2-succinyl-5-enolpyruvyl-6-hydroxy-3-cyclohexene-1-carboxylate,
478,5.1.3.14,,,,,,,,,,,,0.5,UDP-N-acetylmannosamine,in presence of 1 mM UDP-N-acetylglucosamine
479,2.7.2.15,,,,,,,,,,,,,,
480,2.7.2.11,,,,,,,,,0.06,ADP,,0.4,ATP,
481,5.1.3.13,,,,,,,,,,,,0.025,dTDP-4-dehydro-6-deoxy-D-glucose,
482,5.3.1.25,,,,,,,,,,,,42.0,L-fucose,E. coli B/r
483,5.3.1.24,25.0,,Escherichia coli,assay at,,,,,0.0065,Reduced 1-(2-carboxyphenylamino)-1-deoxy-D-ribulose 5-phosphate,,-999.0,more,increasing the pH from 7.5 to 8.6 increases the Km
484,4.1.99.19,,,,,,,,,,,,,,
485,4.1.99.18,,,,,,,,,,,,,,
486,3.1.3.26,,,,,,,,,,,,0.016,myo-inositol hexakisphosphate,
487,4.1.1.8,,,,,,,,,0.08,coenzyme A,,0.0048,oxalyl-CoA,
488,1.1.1.44,,,,,,,,,,,,0.049,NADP+,
489,4.1.99.12,25.0,,Escherichia coli,assay at,,,,,,,,,,
490,4.1.99.17,,,,,,,,,,,,,,
491,5.3.1.28,,,,,,,,,,,,0.5,D-sedoheptulose 7-phosphate,"pH 8.0, mutant enzyme R69Q"
492,2.4.2.10,20.0,,Escherichia coli,assay at,,,,,,,,0.0031,orotidine 5'-phosphate,wild-type
493,1.1.1.37,,,,,,,,,,,,0.023,oxaloacetate,
494,1.1.1.103,,,,,,,,,,,,,,
495,4.1.3.6,,,,,,,,,,,,0.16,citrate,
496,1.1.1.100,22.0,,Escherichia coli,assay at room temperature,,,,,-999.0,more,inhibition kinetic analysis,0.01,NADPH,
497,4.1.3.3,20.0,,Escherichia coli,,20.0,75.0,,Escherichia coli,1.3,"(2R,3R)-2,3,4-trihydroxy-N,N-dipropylbutanamide",,0.2,"(5R,6R)-7-(dipropylamino)-4,5,6-trihydroxy-2,7-dioxoheptanoic acid",
498,4.1.3.1,-999.0,,Escherichia coli,,,,,,0.04,3-nitropropionate,,0.008,threo-Ds-isocitrate,
499,3.5.2.5,,,,,,,,,0.237,dithiothreitol,,5.5,(S)-allantoin,
500,3.1.3.25,,,,,40.0,100.0,,Escherichia coli,,,,-999.0,more,reaction kinetics
501,3.5.2.6,,,,,,,,,-999.0,more,"Ki for diverse mutants of beta-lactamase inhibitor protein BLIP, overview",-999.0,more,"for substrate cefepime, wild-type AmpC-B2 and AmpC-A, Km-value is above 1000 mM"
502,1.5.1.38,,,,,,,,,,,,5.400000000000001e-05,FMN,
503,3.5.2.3,,,,,,,,,0.076,"4,6-dioxo-piperidine-2-(S)-carboxylic acid","with dihydroorotate as substrate, pH. 7.0",-999.0,carbamoyl aspartate,"mutants D250A, D250H, D250N, R20Q, R20M, N44A, H254N inactive"
504,1.5.1.34,,,,,,,,,0.26,methotrexate,,0.091,NADH,
505,5.3.3.18,,,,,,,,,,,,,,
506,3.5.1.25,30.0,,Escherichia coli,assay at,,,,,-999.0,more,"inhibition kinetics, inhibitor binding model",0.08,N-acetyl-D-glucosamine 6-phosphate,; mutant Q59A
507,4.1.3.27,,,,,,,,,0.002,p-hydroxybenzoate,pH 7.5,0.0012,chorismate,
508,4.2.1.42,,,,,,,,,,,,0.4,galactarate,
509,4.2.1.40,,,,,,,,,,,,0.016,L-idarate,
510,2.4.2.19,,,,,,,,,,,,0.0064,quinolinate,
511,5.3.1.22,,,,,,,,,,,,,,
512,3.5.1.28,,,,,,,,,,,,0.04,N-acetylmuramoyl-L-alanyl-D-gamma-glutaminyl-meso-diaminopimelic acid,
513,4.1.2.14,,,,,,,,,0.03,"2,4-dioxo-4-[3-(trifluoromethyl)phenyl]butanoic acid",,0.006,2-dehydro-3-deoxy-D-gluconate 6-phosphate,
514,1.6.1.2,,,,,,,,,0.0035,NADPH,,0.0017,NADH,wild-type enzyme
515,2.7.7.9,,,,,,,,,-999.0,more,inhibition constants of various organisms,-999.0,more,"kinetic parameters of various organisms, pH 8.0, overview"
516,4.1.2.17,25.0,,Escherichia coli,FucA activity assay,,,,,,,,-999.0,more,"for FucA catalysis, the rate of the aldol addition reaction of dihydroxyaceone phosphate to N-Cbz-amino aldehydes in borate is between 2 to 10 times faster than that inTEA buffer. Moreover, the yields of aldol adduct improve between 1.5 to 4-fold for both FucA wild-type and the F131A mutant"
517,4.1.2.13,,,,,,,,,1e-05,phosphoglycolo hydroxamic acid,,0.02,"D-fructose 1,6-bisphosphate",
518,2.7.7.3,,,,,,,,,0.0084,phosphopantetheine,"Substrate: dephospho-CoA, Cosubstrate: diphosphate (1.6 mM)",0.0047,phosphopantetheine,; forward reaction
519,2.7.7.2,,,,,,,,,,,,,,
520,2.7.7.1,,,,,,,,,,,,0.0017,ATP,
521,4.1.2.19,,,,,,,,,1.0,Co2+,,0.1,L-lactaldehyde,
522,2.3.1.118,,,,,,,,,,,,0.36,p-Aminobenzoic acid,
523,5.4.2.8,,,,,,,,,,,,,,
524,2.7.7.38,,,,,,,,,0.0039,"2,6-Anhydro-3-deoxy-D-glycero-D-talo-octanoate",,0.024,CTP,
525,2.4.1.58,,,,,,,,,,,,0.19,UDPglucose,
526,1.1.1.350,,,,,,,,,,,,0.37,NAD+,"mutant enzyme D141E, pH and temperature not specified in the publication"
527,1.1.1.215,,,,,,,,,,,,,,
528,2.7.4.23,,,,,,,,,,,,,,
529,1.3.3.3,,,,,,,,,,,,0.0016,Coproporphyrinogen-III,HemF mutant C167S
530,3.6.3.41,,,,,,,,,,,,,,
531,2.5.1.22,,,,,,,,,,,,,,
532,1.2.1.12,,,,,,,,,,,,0.045,NAD+,wild-type enzyme
533,1.2.1.11,,,,,,,,,-999.0,more,,0.09,NADP+,
534,1.2.1.10,,,,,,,,,265.0,acetaldehyde,,0.006999999999999999,acetyl-CoA,
535,1.2.1.16,,,,,,,,,,,,0.03,Succinic semialdehyde,
536,1.14.99.46,22.0,,Escherichia coli,assay at room temperature,,,,,,,,,,
537,1.2.1.19,,,,,,,,,,,,0.018000000000000002,DELTA1-pyrroline,
538,2.2.1.1,,,,,,,,,,,,-999.0,more,
539,2.2.1.2,15.0,40.0,Escherichia coli,,,,,,,,,0.038,glyceraldehyde 3-phosphate,
540,2.2.1.6,22.0,,Escherichia coli,assay at room temperature,,,,,0.0003,sulfometuron methyl,,-999.0,more,kinetics
541,2.2.1.7,,,,,,,,,3.2,D-glyceraldehyde,,0.0011,pyruvate,
542,2.2.1.9,,,,,,,,,0.00013000000000000002,4-[hydroxy(methoxy)phosphoryl]-4-oxobutanoic acid,"pH 7.4, temperature not specified in the publication",0.0026,2-oxoglutarate,"mutant K292Q, pH 7.4, temperature not specified in the publication"
543,1.2.1.24,,,,,,,,,,,,,,
544,1.5.5.2,25.0,,Escherichia coli,assay at,,,,,0.084,L-tetrahydro-2-furoic acid,,0.06,L-proline,
545,2.7.7.41,,,,,,,,,0.48,CTP,,0.28,phosphatidic acid,
546,2.5.1.90,,,,,,,,,,,,0.0008,"(2E,6E)-farnesyl diphosphate",
547,1.8.4.8,30.0,,Escherichia coli,assay at,,,,,,,,-999.0,more,kinetics
548,2.3.1.29,25.0,,Escherichia coli,assay at,,,,,0.14,Aminomalonic acid,,0.059,acetyl-CoA,
549,3.6.3.34,,,,,,,,,,,,,,
550,3.6.3.36,,,,,,,,,,,,,,
551,3.6.3.31,,,,,,,,,,,,-999.0,more,PotD binds spermidine with a 0.0032 mM dissociation constant
552,4.2.1.104,,,,,,,,,,,,0.6,Cyanate,
553,3.6.3.33,22.0,,Escherichia coli,assay at,,,,,,,,0.053,ATP,
554,3.6.3.32,,,,,,,,,,,,,,
555,2.1.1.64,,,,,,,,,,,,,,
556,1.1.1.28,,,,,,,,,,,,,,
557,1.1.1.23,,,,,,,,,,,,0.57,NAD+,
558,1.1.1.22,,,,,,,,,,,,0.05,NAD+,
559,1.2.1.21,20.0,,Escherichia coli,isozyme A,,,,,0.00085,glycolate,isozyme B,5.900000000000001e-08,glycolate,isozyme A from vitamin B6 auxotroph mutant strain WG3
560,1.1.1.25,,,,,,,,,,,,-999.0,more,
561,2.7.8.13,,,,,,,,,3.6e-05,mureidomycin A,,0.0056,UDP-NAc-muramoyl-pentapeptide,
562,1.4.99.1,,,,,,,,,,,,,,
563,3.4.13.18,,,,,,,,,,,,0.25,Leu-Leu,tumor enzyme
564,3.5.4.3,,,,,,,,,,,,0.015,Guanine,recombinant protein
565,3.5.4.2,,,,,,,,,0.00013000000000000002,6-Chloropurine,,0.23,adenine,
566,3.5.4.1,25.0,,Escherichia coli,assay at,,,,,5.2e-05,phosphonocytosine,,-999.0,more,pre-steady-state and steady-state kinetics and thermodynamics of cytosine substrate binding to apoenzyme and Zn2+-holoenzyme
567,1.6.5.3,,,,,,,,,0.00022,dicoumarol,,0.002,menadione,
568,3.5.4.5,,,,,,,,,,,,0.0167,cytidine,nonhomogenous enzyme
569,3.5.4.4,,,,,,,,,,,,0.04,2'-deoxyadenosine,
570,3.5.1.10,,,,,,,,,,,,0.049,Formyltetrahydrofolate,2.0 mM methionine added
571,6.1.1.12,,,,,,,,,1.5e-05,5'-O-[N-(L-aspartyl)sulfamoyl]adenosine,,-999.0,more,"ligand binding thermodynamics and kinetics, overview"
572,6.1.1.11,,,,,,,,,,,,-999.0,more,Km values for tRNASer transcripts
573,6.1.1.10,22.0,,Escherichia coli,tRNA aminoacylation assay at room temperature for 30 min for IC50 determinations,,,,,-999.0,more,,-999.0,more,Km-values of mutant enzymes in ATP-diphosphate exchange reaction
574,6.1.1.17,25.0,,Escherichia coli,assay at,35.0,55.0,,Escherichia coli,-999.0,more,inhibition kinetics,-999.0,more,Km for diverse modified forms of tRNAAsp and tRNAGlu
575,6.1.1.16,,,,,,,,,,,,-999.0,more,Km-values of mutant tRNA molecules
576,6.1.1.15,,,,,,,,,4.3e-06,5'-O-[N-(L-alanyl)-sulfamoyl]adenosine,,-999.0,more,wild-type and mutant enzyme kinetics
577,6.1.1.14,-999.0,,Escherichia coli,,,,,,,,,-999.0,more,overview
578,4.1.1.65,,,,,,,,,,,,,,
579,2.3.1.n2,,,,,,,,,,,,,,
580,6.1.1.18,22.0,,Escherichia coli,assay at room temperature; assay at room temperature,,,,,-999.0,more,inhibition kinetics,-999.0,more,Km value of mutant enzymes
581,2.3.1.n4,,,,,,,,,,,,,,
582,2.3.1.n5,,,,,,,,,,,,,,
583,1.3.5.2,,,,,,,,,0.0134,Orotate,,0.01,dihydroorotate,
584,1.3.5.3,37.0,,Escherichia coli,assay at,,,,,,,,0.00376,menadione,
585,1.17.4.2,,,,,,,,,-999.0,more,inhibition kinetics with gemcitabine,,,
586,1.3.5.1,,,,,,,,,-999.0,"5,6-dihydro-2-methyl-1,4-oxathiin-3-carboxanilide",,-999.0,fumarate,
587,1.3.5.4,30.0,,Escherichia coli,assay at,,,,,6e-05,2-n-heptyl-4-hydroxyquinoline-N-oxide,,-999.0,succinate,"fumarate reduction. 0.0013 mM, with ubiquinone, reaction of succinate-ubiquinone oxidase EC 1.3.5.1"
588,2.3.1.79,,,,,,,,,,,,0.018000000000000002,acetyl-CoA,
589,6.1.1.9,25.0,,Escherichia coli,assay at,,,,,-999.0,more,inhibition kinetics,-999.0,more,"steady-state parameters for tRNA-independent pre-transfer editing by ValRS and its mutants determined by varying concentrations of noncognate threonine, overview"
590,2.3.1.109,,,,,,,,,,,,,,
591,6.1.1.7,37.0,,Escherichia coli,assay at,10.0,37.0,independent of temperature in this range,Escherichia coli,2e-07,5'-O-[N-(L-alanyl)-sulfamoyl]adenosine,,-999.0,more,"kinetics, ternary complex formation"
592,6.1.1.6,,,,,,,,,1e-05,5'-O-[N-(L-lysyl)sulfamoyl]adenosine,,0.0013,L-lysine,
593,6.1.1.5,,,,,,,,,-999.0,more,,-999.0,more,Km value of mutant enzynes with altered metal-binding sites
594,6.1.1.4,-999.0,,Escherichia coli,assay carried out at room temperature,,,,,,,,-999.0,more,"kinetics, wild-type and mutant enzymes"
595,6.1.1.3,30.0,,Escherichia coli,"presteady-state, assay at",,,,,-999.0,more,,-999.0,more,kinetics and kinetic mechanism
596,6.1.1.2,,,,,,,,,,,,-999.0,more,kinetic behavior in adenylation
597,3.5.4.9,,,,,,,,,,,,,,
598,3.6.3.3,,,,,,,,,,,,,,
599,3.6.3.2,20.0,,Escherichia coli,assay at,,,,,,,,0.015,Mg2+,
600,3.6.3.5,-999.0,,Escherichia coli,phosphorylation assays are carried out on ice and room temperature,,,,,,,,0.0021,Ni2+,wild-type ZntA
601,1.5.1.2,,,,,,,,,,,,0.03,NADPH,
602,1.5.1.3,,,,,,,,,-999.0,more,,-999.0,more,Km of enzymes with decreased binding of folate and antagonists and of drug-sensitive enzymes; overview
603,3.3.2.1,,,,,,,,,,,,0.015,isochorismate,
604,5.4.99.62,,,,,,,,,,,,,,
605,3.1.3.7,,,,,,,,,,,,0.14,"adenosine 2',5'-bisphosphate",in 10 mM HEPES pH 7.0
606,2.7.1.148,35.0,37.0,Escherichia coli,assay at,,,,,0.00029,"N-[3-[4-amino-2-oxo-1-(tetrahydro-2-thienyl)-1,2-dihydropyrimidin-5-yl]prop-2-en-1-yl]cyclopropanesulfonamide",competitive inhibition constant,0.02,ATP,
607,6.4.1.2,,,,,,,,,-999.0,more,inhibition kinetics,-999.0,more,kinetics
608,3.1.3.1,,,,,,,,,0.0011,Inorganic phosphate,,-999.0,more,"kinetic characterization of the homodimeric complementation mutants, and heterodimeric hybrid formation"
609,4.2.1.47,,,,,,,,,0.0789,GDP-fucose,,0.11,GDP-mannose,
610,3.6.1.31,,,,,,,,,,,,,,
611,4.2.1.46,,,,,,,,,0.0112,dTDP-xylose,,0.001,dTDP-glucose,
612,3.4.19.5,,,,,,,,,,,,0.09,beta-Asp-Leu,
613,5.3.1.14,,,,,,,,,,,,1.7,L-rhamnulose,
614,5.3.1.16,,,,,,,,,,,,1.6,N'-[(5'-phosphoribosyl)formimino]-5-aminoimidazole-4-carboxamide ribonucleotide,
615,2.7.1.23,,,,,,,,,,,,0.2,ATP,
616,5.3.1.12,25.0,,Escherichia coli,assay at,,,,,1.3e-05,D-arabinaric acid,apo and Zn2+ reconstituted enzyme,-999.0,more,primary isotope effects on the kinetic constants with D-glucuronate and the effects of changes in solvent viscosity are consistent with product release being the rate-limiting step
617,5.3.1.13,37.0,,Escherichia coli,assay at,,,,,,,,0.09,ribulose 5-phosphate,
618,5.3.3.14,,,,,,,,,0.00013000000000000002,3-decynoyl-N-acetylcysteamine,,-999.0,more,Km-value gradually decreases with decreasing pH-value
619,1.1.1.251,,,,,,,,,,,,,,
620,3.5.1.110,,,,,,,,,,,,,,
621,1.1.1.157,,,,,,,,,,,,,,
622,3.1.5.1,,,,,,,,,,,,0.001,dGTP,
623,3.5.1.18,,,,,,,,,,,,1.3,"N-succinyl-LL-2,6-diaminoheptanedioate",
624,3.5.1.19,,,,,,,,,,,,0.07,Nicotinamide,
625,3.1.3.27,,,,,,,,,,,,0.08,phosphatidylglycerophosphate,
626,3.5.1.16,25.0,,Escherichia coli,transformed with plasmid pC-28 harboring argE from strain 2693,20.0,45.0,,Escherichia coli,0.067,"[(2S,3R)-3-amino-2-hydroxy-4-phenylbutanoyl]leucine",,0.8,N2-Acetyl-L-ornithine,incubation with Zn2+
627,4.2.1.35,,,,,,,,,,,,,,
628,3.4.11.1,,,,,,,,,,,,,,
629,4.2.1.33,,,,,,,,,,,,,,
630,3.4.11.2,,,,,,,,,,,,-999.0,more,steady-state kinetics
631,3.1.3.4,,,,,,,,,,,,,,
632,3.1.3.5,,,,,,,,,1.3,ADP,,0.008,5'-dTMP,+/- 0.0003
633,3.1.3.6,,,,,,,,,24.1,ATP,with 3'-AMP as substrate,0.02,Polyphosphate,+/- 0.003
634,4.1.2.48,,,,,,,,,,,,0.027000000000000003,L-4-hydroxythreonine,
635,2.6.1.2,,,,,,,,,,,,,,
636,3.1.3.2,,,,,,,,,,,,-999.0,more,steady-state kinetics
637,3.1.3.3,,,,,,,,,,,,,,
638,4.1.2.40,,,,,,,,,,,,,,
639,3.6.1.1,,,,,,,,,-999.0,more,inhibition kinetics,-999.0,more,"detailed kinetics of hexameric, trimeric enzyme, and enzyme mutants, overview, the active trimeric enzyme, formed under acidic conditions, does not obey Michaelis-Menten kinetics, overview"
640,3.6.1.7,,,,,,,,,,,,-999.0,more,"kinetics and thermodynamics of wild-type and mutant enzymes,overview"
641,3.6.1.8,,,,,,,,,,,,,,
642,1.6.1.1,,,,,,,,,,,,0.0683,NADPH,
643,4.2.1.81,,,,,,,,,,,,,,
644,4.2.1.80,,,,,,,,,0.0049,sodium oxalate,pH 6,0.041,2-hydroxypentadienoic acid,pH 6
645,2.3.1.30,,,,,,,,,0.0006,L-Cys,,0.11,L-serine,
646,4.2.1.149,,,,,,,,,,,,0.012,crotonobetainyl-CoA,
647,4.1.99.1,-999.0,,Escherichia coli,,,,,,-999.0,more,Ki-values for reaction in aqueous methanol,-999.0,more,
648,4.4.1.8,,,,,,,,,0.0019,aminoethoxyvinylglycine,,0.04,L-cystathionine,
649,3.1.1.4,,,,,,,,,,,,0.067,phosphatidylethanolamine,active enzyme
650,3.1.1.5,,,,,,,,,,,,,,
651,1.1.1.61,,,,,,,,,,,,1.0,3-hydroxypropane sulfonate,
652,2.7.8.33,37.0,,Escherichia coli,assay at,,,,,,,,7e-05,UDP-N-acetyl-D-glucosamine,
653,4.4.1.5,,,,,,,,,,,,-999.0,more,
654,1.1.1.69,,,,,,,,,,,,,,
655,6.3.1.11,,,,,,,,,,,,,,
656,1.11.1.21,,,,,,,,,,,,0.012,"2,2'-azino-bis(3-ethylbenzthiazoline-6-sulfonic acid)",
657,2.7.1.165,22.0,,Escherichia coli,assay at,,,,,,,,0.051,(R)-glycerate,
658,1.4.4.2,,,,,,,,,,,,,,
659,2.4.1.18,,,,,,,,,,,,0.0142,Amylose,
660,3.1.7.2,37.0,,Escherichia coli,,,,,,,,,,,
661,1.3.1.1,,,,,,,,,,,,0.038,Uracil,
662,2.5.1.61,,,,,,,,,,,,,,
663,1.3.1.9,,,,,,,,,-999.0,more,"inhibition kinetics, overview",0.003,trans-2-dodecenoyl-CoA,
664,2.7.1.130,30.0,,Escherichia coli,assay at,,,,,,,,,,
665,4.1.1.85,,,,,,,,,,,,,,
666,3.5.1.2,,,,,,,,,1.11,Ngamma-methyl-L-glutamine,,-999.0,more,effect of pH on Km-value
667,2.7.1.48,,,,,,,,,,,,0.13,cytidine,
668,5.4.99.18,,,,,,,,,,,,0.0226,5-amino-1-(5-phospho-D-ribosyl)imidazole-4-carboxylate,
669,2.1.2.9,25.0,,Escherichia coli,assay at,,,,,,,,-999.0,more,kinetic parameters of the formylation of various mutant methionyl-tRNAs
670,2.7.1.40,,,,,,,,,,,,-999.0,more,kinetics overview
671,6.2.1.20,,,,,,,,,,,,0.0035,E. coli acyl-carrier protein,
672,2.1.2.1,,,,,,,,,,,,-999.0,more,
673,2.1.2.2,,,,,,,,,-999.0,more,"4-carbamoyl-2-[4-[4-(2,4-diamino-6-oxo-1,6-dihydropyrimidin-5-yl)-1-(2,2,2-trifluoroacetyl)butyl]benzoylamino]butyric acid and 4-carbamoyl-4-[4-[4-(2,4-diamino-6-oxo-1,6-dihydropyrimidin-5-yl)-1-(2,2,2-trifluoroacetyl)butyl]benzoylamino]butyric acid show Ki-values above 0.1 mM",0.00368,acetate,purT gene product
674,2.1.2.3,,,,,,,,,,,,,,
675,6.2.1.5,,,,,,,,,,,,-999.0,more,
676,6.2.1.1,,,,,,,,,,,,,,
677,6.2.1.3,,,,,,,,,,,,0.00017,stearate,acyl-CoA synthetase-4.6
678,1.3.1.28,,,,,,,,,1.4,cis-2-hydroxy-3-cyclohexen-1-carboxylate,,0.26,"methyl 2,3-dihydro-2,3-dihydroxybenzoate",
679,6.3.1.8,,,,,,,,,7.8e-06,4-[[2-([[[4-[(4-ammoniobutyl)amino]butyl](hydroxy)phosphoryl]methyl]amino)-1-methyl-2-oxoethyl]amino]-1-carboxy-4-oxobutan-1-aminium,,0.0224,glutathione,mutant enzyme R598A
680,4.1.1.37,,,,,,,,,,,,,,
681,2.4.2.43,,,,,,,,,,,,,,
682,3.1.3.45,,,,,,,,,,,,0.058,3-deoxy-D-manno-octulosonate 8-phosphate,
683,1.18.1.3,,,,,,,,,,,,,,
684,1.18.1.2,,,,,25.0,43.0,,Escherichia coli,0.05,Ferredoxin,,-999.0,more,"thermodynamics and kinetics, measurement of direct electron transfer by stopped-flow spectrophotometry"
685,2.8.3.8,,,,,,,,,,,,,,
686,2.8.3.9,,,,,,,,,10.6,epsilon-Acetyl-CoA,,0.035,acetoacetyl-CoA,
687,4.6.1.1,,,,,,,,,0.05,2'(3')-O-(N-methylanthraniloyl)-ATP,,0.153,ATP,
688,2.4.1.325,,,,,,,,,,,,,,
689,2.3.1.174,,,,,,,,,,,,,,
690,2.3.1.179,,,,,,,,,,,,0.0061,malonyl-phosphopantetheine-14-mer,
691,1.1.1.290,22.0,,Escherichia coli,assay at room temperature,,,,,0.017,D-2-hydroxyglutarate,,0.0029,4-phospho-D-erythronate,
692,1.1.1.60,,,,,,,,,,,,0.28,D-glycerate,
693,1.1.1.298,,,,,,,,,,,,,,
694,1.2.4.2,,,,,,,,,1.7,glyoxylate,,-999.0,more,
695,2.1.2.13,30.0,,Escherichia coli,assay at,,,,,,,,,,
696,2.1.2.10,,,,,,,,,,,,-999.0,more,values for mutant enzymes
697,2.1.2.11,37.0,,Escherichia coli,assay at,,,,,,,,-999.0,more,low Km-values for its substrates
698,1.14.11.17,,,,,,,,,0.29,N-oxalylglycine,,-999.0,more,"kinetic mechanism, overview"
699,1.5.1.20,,,,,,,,,0.014,NADH,,-999.0,more,"redox potentials of wild-type and mutant enzymes, kinetic mechanism, and rapid-reaction kinetics for the half-reactions, steady-state kinetics"
700,3.2.1.20,,,,,,,,,,,,7.6,maltose,
701,3.2.1.21,,,,,,,,,,,,,,
702,3.2.1.1,,,,,,,,,,,,,,
703,4.2.1.6,,,,,,,,,,,,,,
704,4.2.1.7,,,,,,,,,,,,-999.0,more,
705,6.3.2.1,,,,,20.0,50.0,,Escherichia coli,0.0003,"(2RS)-5'-O-(3,3-dimethyl-2-hydroxybutyrylsulfamoyl)adenosine",,0.056,beta-Alanine,
706,4.2.1.2,,,,,,,,,,,,0.049,L-Malate,enzyme form FUMA
707,4.2.1.3,,,,,,,,,,,,-999.0,more,"two values are obtained for KM-value with isocitrate as substrate, depending on substrate concentration"
708,2.1.1.201,,,,,,,,,,,,,,
709,4.2.1.1,,,,,,,,,,,,,,
710,6.3.2.8,25.0,,Escherichia coli,assay at,,,,,0.0003,feglymycin,,-999.0,more,Km-value of wild-type and mutant enzymes
711,6.3.2.9,,,,,,,,,0.0058,"4-[([6-[(4-cyano-2-fluorobenzyl)oxy]naphthalen-2-yl]sulfonyl)amino]benzene-1,3-dicarboxylic acid",,0.0055,UDP-N-acetylmuramoyl-L-Ala,
712,2.4.1.56,,,,,,,,,,,,,,
713,4.2.1.8,,,,,,,,,,,,20.0,D-mannonate,
714,4.2.1.9,,,,,,,,,,,,1.5,"2,3-dihydroxyisovalerate","pH 8.0, Tris buffer, since only one of the isomers present in the racemic substrate is active, the corrected Km would be 0.75 mM"
715,6.3.4.4,,,,,,,,,0.00049,Hadacidin,,-999.0,more,effect of metal ions on Km-values
716,6.3.4.5,,,,,,,,,,,,,,
717,1.20.4.1,-999.0,,Escherichia coli,,,,,,,,,3e-06,glutaredoxin 2,
718,3.1.1.85,,,,,,,,,,,,0.25,4-nitrophenyl caproate,
719,6.3.4.2,37.0,,Escherichia coli,assay at,,,,,-999.0,more,,-999.0,more,"kinetic mechanism, activation and inhibition kinetics"
720,4.99.1.1,,,,,,,,,,,,,,
721,2.3.1.181,,,,,,,,,,,,0.001,lipoyl-[acyl-carrier protein],
722,4.99.1.4,,,,,,,,,,,,,,
723,1.1.1.169,25.0,,Escherichia coli,assay at,,,,,0.2,2'-phospho-ADP-ribose,pH 7.6,-999.0,more,"steady-state kinetics, pH-dependence of kinetics with different substrates, overview"
724,3.2.1.28,,,,,,,,,9e-06,1-thiatrehazolin,,0.16,"alpha,alpha-trehalose",signal sequenceless TreA
725,1.1.1.205,,,,,,,,,-999.0,more,,-999.0,more,
726,1.7.1.15,,,,,,,,,,,,0.0039,cytochrome c,
727,2.4.1.44,,,,,,,,,,,,,,
728,4.3.1.17,,,,,,,,,0.7,CuCl2,,2.67,L-serine,
729,1.7.1.13,37.0,,Escherichia coli,,,,,,,,,0.0002,NADPH,
730,2.5.1.31,25.0,,Escherichia coli,assay at,,,,,0.0002,"(2E,6E)-farnesyl thiodiphosphate",,-999.0,more,"steady-state kinetics, single turnover measurements with substrate geranylgeranyl diphosphate"
731,6.3.4.18,22.0,,Escherichia coli,assay at room temperature,,,,,-999.0,"1-deoxy-1-(7,8-dimethyl-2,4-dioxo-3,4-dihydrobenzo[g]pteridin-10(2H)-yl)pentitol","0.081 mM with fixed ATP and bicarbonate concentrations, 0.122 mM with fixed aminoimidazole ribonucleotide and bicarbonate concentrations",-999.0,more,"kinetics of recombinant mutant proteins, overview"
732,2.5.1.39,,,,,,,,,,,,0.022,farnesyl diphosphate,
733,3.6.3.54,,,,,,,,,,,,0.00045,Cu+,
734,4.2.2.n1,,,,,,,,,,,,,,
735,4.2.2.n2,,,,,,,,,,,,,,
736,1.2.1.22,25.0,,Escherichia coli,assay at,,,,,,,,-999.0,more,
737,1.2.1.20,,,,,,,,,,,,,,
738,3.2.1.52,,,,,,,,,,,,0.43,p-nitrophenyl-beta-2-acetamido-2-deoxy-D-glucopyranoside,
739,3.6.1.45,,,,,,,,,,,,-999.0,more,
740,3.6.1.40,,,,,,,,,,,,5e-07,Polyphosphate,
741,3.6.1.41,,,,,,,,,4e-05,di(adenosine-5'-O-phosphorothio)-di(phosphorothio) pentaerythritol,,0.012,"P1,P4-bis(5'-adenosyl) tetraphosphate",with Mn2+
742,2.6.1.59,37.0,,Escherichia coli,,20.0,45.0,,Escherichia coli,,,,0.11,dTDP-4-dehydro-6-deoxy-D-glucose,
743,2.1.1.45,,,,,4.0,40.0,,Escherichia coli,1.3e-05,5-Formyl-2'-deoxyuridylic acid,,0.001,methylenetetrahydropteroylgluamate,mutant P254S
744,2.3.1.210,,,,,,,,,,,,,,
745,2.6.1.87,30.0,,Escherichia coli,assay at,,,,,,,,,,
746,6.3.4.13,,,,,18.0,,no detectable activity at this temperature,Escherichia coli,,,,0.07,5'-phosphoribosylamine,
747,4.1.3.39,,,,,,,,,0.4,glyoxylate,,13.4,Butyraldehyde,
748,4.1.3.38,30.0,,Escherichia coli,assay at,,,,,,,,,,
749,4.2.1.79,,,,,,,,,,,,0.44,"(2S,3S)-methylcitrate",
750,1.12.99.6,,,,,,,,,,,,0.002,H2,
751,2.3.1.39,,,,,,,,,,,,0.011,malonyl-CoA,wild-type and mutant
752,4.1.3.30,,,,,,,,,,,,0.024,"(2S,3R)-3-hydroxybutane-1,2,3-tricarboxylate",
753,2.7.7.58,37.0,,Escherichia coli,assay at,,,,,9e-06,"2,3-dihydroxybenzohydroxamoyl adenylate","product analog inhibitor, competitive inhibitor, result indicates that the catecholic 2-OH group is critical for tight binding",0.0027,"2,3-Dihydroxybenzoic acid",
754,4.1.3.34,,,,,,,,,,,,0.0367,oxaloacetate,wild-type enzyme
755,4.1.3.36,,,,,,,,,0.0013,1-hydroxy-2-naphthoyl-CoA,,0.0028,o-succinylbenzoate,"pH 7.0, temperature not specified in the publication, wild-type enzyme"
756,3.1.3.74,,,,,,,,,,,,,,
757,3.1.3.73,,,,,,,,,,,,,,
758,1.1.1.17,,,,,,,,,8.0,"1,10-phenanthroline",,0.2,NAD+,cosubstrate: hexitol phosphate
759,1.1.1.6,,,,,,,,,,,,-999.0,more,"kinetic study with different effectors, overview"
760,1.1.1.1,,,,,,,,,18.26,4-Methylpyrazole,,10.6,ethanol,
761,1.1.1.3,,,,,,,,,,,,0.013,L-homoserine,
762,1.16.1.3,,,,,,,,,,,,,,
763,2.7.1.89,37.0,,Escherichia coli,assay at,,,,,,,,0.0028,thiamine,
764,4.2.3.4,,,,,,,,,,,,0.00055,3-deoxy-D-arabino-hept-2-ulosonate 7-phosphate,
765,4.2.3.5,,,,,,,,,,,,0.0013,O5-(1-carboxyvinyl)-3-phosphoshikimate,
766,3.2.1.22,,,,,,,,,,,,0.12,p-nitrophenyl alpha-D-galactoside,
767,3.2.1.23,,,,,,,,,0.002,2-phenylethyl 1-thio-beta-D-galactopyranoside,,-999.0,more,influence of temperature on Km-value of o-nitrophenyl-beta-D-galactoside
768,6.1.1.22,,,,,-999.0,,,Escherichia coli,,,,0.015,Asn,
769,4.2.3.1,,,,,,,,,0.006,L-threo-3-hydroxyhomoserine,,0.5,O-phosphohomoserine,
770,6.1.1.20,,,,,,,,,-999.0,more,,-999.0,more,
771,6.1.1.21,,,,,,,,,,,,-999.0,more,kinetics and substrate specificity
772,3.1.3.81,,,,,,,,,,,,-999.0,more,DGPP phosphatase exhibits typical saturation kinetics with respect to diacylglycerol diphosphate with a the Km value 3-fold greater than its cellular concentration
773,3.1.3.83,,,,,,,,,,,,,,
774,3.1.3.82,,,,,,,,,0.06,D-glycero-beta-D-manno-heptose 1-phosphate,,0.005,"D-glycero-beta-D-manno-heptose 1,7-bisphosphate",
775,4.1.1.73,,,,,,,,,,,,,,
776,1.15.1.1,,,,,,,,,20.0,perchlorate,,-999.0,more,pH-dependence of KM-value reflects the inhibition of anion binding by ionized Y34
777,2.3.2.2,,,,,,,,,,,,0.0083,Gln,
